Year,Quarter,Month,Day,Year,Month Name,Month Number,Country,Segment,Product,Units Sold,Gross Sales, Sales,Sale Price,COGS,Manufacturing Price,Discount Band,Discounts,Profit
2013,Qtr 3,September,1,2013,September,9,Canada,Channel Partners,Amarilla,2761,33132,29156.16,12,8283,260,High,3975.84,20873.16
2013,Qtr 3,September,1,2013,September,9,Canada,Enterprise,Carretera,2416,302000,265760,125,289920,3,High,36240,-24160
2013,Qtr 3,September,1,2013,September,9,Canada,Midmarket,Paseo,2470,37050,31863,15,24700,10,High,5187,7163
2013,Qtr 3,September,1,2013,September,9,Canada,Government,VTT,623,218050,191884,350,161980,250,High,26166,29904
2013,Qtr 3,September,1,2013,September,9,Canada,Government,Velo,2646,52920,50803.2,20,26460,120,Low,2116.8,24343.2
2013,Qtr 3,September,1,2013,September,9,Canada,Small Business,Montana,1283,384900,354108,300,320750,5,Medium,30792,33358
2013,Qtr 3,September,1,2013,September,9,Canada,Government,Paseo,2349,16443,15620.85,7,11745,10,Medium,822.15,3875.85
2013,Qtr 4,October,1,2013,October,10,Canada,Midmarket,Amarilla,1743,26145,22484.7,15,17430,260,High,3660.3,5054.7
2013,Qtr 4,October,1,2013,October,10,Canada,Midmarket,Paseo,1743,26145,22484.7,15,17430,10,High,3660.3,5054.7
2013,Qtr 4,October,1,2013,October,10,Canada,Small Business,Velo,269,80700,69402,300,67250,120,High,11298,2152
2013,Qtr 4,October,1,2013,October,10,Canada,Small Business,VTT,269,80700,69402,300,67250,250,High,11298,2152
2013,Qtr 4,October,1,2013,October,10,Canada,Government,Carretera,2851,19957,19158.72,7,14255,3,Low,798.28,4903.72
2013,Qtr 4,October,1,2013,October,10,Canada,Government,Montana,2851,19957,19158.72,7,14255,5,Low,798.28,4903.72
2013,Qtr 4,October,1,2013,October,10,Canada,Government,Amarilla,1228,429800,408310,350,319280,260,Medium,21490,89030
2013,Qtr 4,October,1,2013,October,10,Canada,Channel Partners,Carretera,2299,27588,25932.72,12,6897,3,Medium,1655.28,19035.72
2013,Qtr 4,October,1,2013,October,10,Canada,Channel Partners,Paseo,2299,27588,25932.72,12,6897,10,Medium,1655.28,19035.72
2013,Qtr 4,October,1,4026,October,10,Canada,Government,Paseo,2617,457580,434701,370,333170,20,Medium,22879,101531
2013,Qtr 4,October,1,2013,October,10,Canada,Government,VTT,1389,27780,26391,20,13890,250,Medium,1389,12501
2013,Qtr 4,October,1,2013,October,10,Canada,Enterprise,Montana,345,43125,43125,125,41400,5,None,0,1725
2013,Qtr 4,October,1,2013,October,10,Canada,Enterprise,Velo,345,43125,43125,125,41400,120,None,0,1725
2013,Qtr 4,November,1,2013,November,11,Canada,Midmarket,Carretera,1560,23400,20826,15,15600,3,High,2574,5226
2013,Qtr 4,November,1,2013,November,11,Canada,Channel Partners,Paseo,2222,26664,22931.04,12,6666,10,High,3732.96,16265.04
2013,Qtr 4,November,1,2013,November,11,Canada,Enterprise,VTT,2954,369250,313862.5,125,354480,250,High,55387.5,-40617.5
2013,Qtr 4,November,1,2013,November,11,Canada,Government,VTT,2935,58700,52243,20,29350,250,High,6457,22893
2013,Qtr 4,November,1,2013,November,11,Canada,Government,Velo,2092,14644,14497.56,7,10460,120,Low,146.44,4037.56
2013,Qtr 4,November,1,2013,November,11,Canada,Small Business,Paseo,1404,421200,391716,300,351000,10,Medium,29484,40716
2013,Qtr 4,November,1,2013,November,11,Canada,Government,Paseo,1725,603750,603750,350,448500,10,None,0,155250
2013,Qtr 4,December,1,2013,December,12,Canada,Enterprise,Velo,1916,239500,215550,125,229920,120,High,23950,-14370
2013,Qtr 4,December,1,2013,December,12,Canada,Government,Amarilla,1778,622300,597408,350,462280,260,Low,24892,135128
2013,Qtr 4,December,1,2013,December,12,Canada,Channel Partners,Carretera,908,10896,10569.12,12,2724,3,Low,326.88,7845.12
2013,Qtr 4,December,1,2013,December,12,Canada,Government,Montana,1611,11277,10262.07,7,8055,5,Medium,1014.93,2207.07
2013,Qtr 4,December,1,2013,December,12,Canada,Government,Paseo,1802,36040,34238,20,18020,10,Medium,1802,16218
2013,Qtr 4,December,1,2013,December,12,Canada,Small Business,VTT,2436,730800,686952,300,609000,250,Medium,43848,77952
2013,Qtr 4,December,1,2013,December,12,Canada,Midmarket,Paseo,2152,32280,32280,15,21520,10,None,0,10760
2014,Qtr 1,January,1,2014,January,1,Canada,Enterprise,Amarilla,1659,207375,180416.25,125,199080,260,High,26958.75,-18663.75
2014,Qtr 1,January,1,2014,January,1,Canada,Government,Montana,2227.5,779625,670477.5,350,579150,5,High,109147.5,91327.5
2014,Qtr 1,January,1,2014,January,1,Canada,Small Business,Paseo,873,261900,233091,300,218250,10,High,28809,14841
2014,Qtr 1,January,1,2014,January,1,Canada,Midmarket,Velo,384,5760,5126.4,15,3840,120,High,633.6,1286.4
2014,Qtr 1,January,1,2014,January,1,Canada,Government,Paseo,4251,29757,28566.72,7,21255,10,Low,1190.28,7311.72
2014,Qtr 1,January,1,2014,January,1,Canada,Channel Partners,VTT,3244.5,38934,36208.62,12,9733.5,250,Medium,2725.38,26475.12
2014,Qtr 1,January,1,2014,January,1,Canada,Government,Carretera,1618.5,32370,32370,20,16185,3,None,0,16185
2014,Qtr 1,February,1,2014,February,2,Canada,Government,Amarilla,2240,784000,705600,350,582400,260,High,78400,123200
2014,Qtr 1,February,1,2014,February,2,Canada,Channel Partners,Carretera,1937,23244,20687.16,12,5811,3,High,2556.84,14876.16
2014,Qtr 1,February,1,2014,February,2,Canada,Midmarket,Paseo,2363,35445,34736.1,15,23630,10,Low,708.9,11106.1
2014,Qtr 1,February,1,2014,February,2,Canada,Government,Montana,488,3416,3142.72,7,2440,5,Medium,273.28,702.72
2014,Qtr 1,February,1,2014,February,2,Canada,Enterprise,Velo,952,119000,111860,125,114240,120,Medium,7140,-2380
2014,Qtr 1,February,1,2014,February,2,Canada,Government,Paseo,292,5840,5840,20,2920,10,None,0,2920
2014,Qtr 1,February,1,2014,February,2,Canada,Small Business,VTT,2001,600300,600300,300,500250,250,None,0,100050
2014,Qtr 1,March,1,2014,March,3,Canada,Small Business,Amarilla,888,266400,229104,300,222000,260,High,37296,7104
2014,Qtr 1,March,1,2014,March,3,Canada,Government,Carretera,923,323050,281053.5,350,239980,3,High,41996.5,41073.5
2014,Qtr 1,March,1,2014,March,3,Canada,Government,Paseo,2428,48560,41761.6,20,24280,10,High,6798.4,17481.6
2014,Qtr 1,March,1,2014,March,3,Canada,Midmarket,Montana,1967,29505,28324.8,15,19670,5,Low,1180.2,8654.8
2014,Qtr 1,March,1,2014,March,3,Canada,Enterprise,Paseo,1774,221750,215097.5,125,212880,10,Low,6652.5,2217.5
2014,Qtr 1,March,1,2014,March,3,Canada,Government,VTT,1326,9282,9189.18,7,6630,250,Low,92.82,2559.18
2014,Qtr 1,March,1,2014,March,3,Canada,Channel Partners,Velo,598,7176,6601.92,12,1794,120,Medium,574.08,4807.92
2014,Qtr 2,April,1,2014,April,4,Canada,Channel Partners,Amarilla,3520.5,42246,38021.4,12,10561.5,260,High,4224.6,27459.9
2014,Qtr 2,April,1,2014,April,4,Canada,Government,Paseo,723,5061,4301.85,7,3615,10,High,759.15,686.85
2014,Qtr 2,April,1,2014,April,4,Canada,Midmarket,Paseo,1614,24210,20578.5,15,16140,10,High,3631.5,4438.5
2014,Qtr 2,April,1,2014,April,4,Canada,Enterprise,Carretera,742.5,92812.5,90956.25,125,89100,3,Low,1856.25,1856.25
2014,Qtr 2,April,1,2014,April,4,Canada,Government,Velo,3850.5,77010,74699.7,20,38505,120,Low,2310.3,36194.7
2014,Qtr 2,April,1,2014,April,4,Canada,Government,VTT,943.5,330225,326922.75,350,245310,250,Low,3302.25,81612.75
2014,Qtr 2,April,1,2014,April,4,Canada,Small Business,Montana,3802.5,1140750,1038082.5,300,950625,5,Medium,102667.5,87457.5
2014,Qtr 2,May,1,2014,May,5,Canada,Government,Montana,200,70000,60200,350,52000,5,High,9800,8200
2014,Qtr 2,May,1,2014,May,5,Canada,Channel Partners,VTT,2109,25308,22271.04,12,6327,250,High,3036.96,15944.04
2014,Qtr 2,May,1,2014,May,5,Canada,Government,Carretera,831,16620,16121.4,20,8310,3,Low,498.6,7811.4
2014,Qtr 2,May,1,2014,May,5,Canada,Enterprise,Amarilla,1645,205625,191231.25,125,197400,260,Medium,14393.75,-6168.75
2014,Qtr 2,May,1,2014,May,5,Canada,Government,Paseo,257,1799,1655.08,7,1285,10,Medium,143.92,370.08
2014,Qtr 2,May,1,2014,May,5,Canada,Small Business,Paseo,1702,510600,474858,300,425500,10,Medium,35742,49358
2014,Qtr 2,May,1,2014,May,5,Canada,Midmarket,Velo,1262,18930,17604.9,15,12620,120,Medium,1325.1,4984.9
2014,Qtr 2,June,1,2014,June,6,Canada,Enterprise,Paseo,1583,197875,172151.25,125,189960,10,High,25723.75,-17808.75
2014,Qtr 2,June,1,2014,June,6,Canada,Government,Paseo,2632,921200,801444,350,684320,10,High,119756,117124
2014,Qtr 2,June,1,2014,June,6,Canada,Government,Velo,2632,921200,801444,350,684320,120,High,119756,117124
2014,Qtr 2,June,1,2014,June,6,Canada,Enterprise,VTT,1583,197875,172151.25,125,189960,250,High,25723.75,-17808.75
2014,Qtr 2,June,1,4028,June,6,Canada,Government,Amarilla,1843,22105,20416.05,27,12755,520,Medium,1688.95,7661.05
2014,Qtr 2,June,1,2014,June,6,Canada,Midmarket,Carretera,2844,42660,40100.4,15,28440,3,Medium,2559.6,11660.4
2014,Qtr 2,June,1,2014,June,6,Canada,Small Business,Carretera,1094,328200,298662,300,273500,3,Medium,29538,25162
2014,Qtr 2,June,1,2014,June,6,Canada,Government,Montana,708,14160,13027.2,20,7080,5,Medium,1132.8,5947.2
2014,Qtr 2,June,1,2014,June,6,Canada,Small Business,Paseo,1094,328200,298662,300,273500,10,Medium,29538,25162
2014,Qtr 2,June,1,2014,June,6,Canada,Government,Velo,1135,7945,7388.85,7,5675,120,Medium,556.15,1713.85
2014,Qtr 2,June,1,2014,June,6,Canada,Midmarket,VTT,2844,42660,40100.4,15,28440,250,Medium,2559.6,11660.4
2014,Qtr 2,June,1,2014,June,6,Canada,Channel Partners,Montana,2518,30216,30216,12,7554,5,None,0,22662
2014,Qtr 2,June,1,2014,June,6,Canada,Channel Partners,Paseo,2518,30216,30216,12,7554,10,None,0,22662
2014,Qtr 3,July,1,2014,July,7,Canada,Channel Partners,Paseo,4026,48312,42997.68,12,12078,10,High,5314.32,30919.68
2014,Qtr 3,July,1,2014,July,7,Canada,Government,Paseo,2104.5,736575,655551.75,350,547170,10,High,81023.25,108381.75
2014,Qtr 3,July,1,2014,July,7,Canada,Government,VTT,865.5,17310,14713.5,20,8655,250,High,2596.5,6058.5
2014,Qtr 3,July,1,2014,July,7,Canada,Midmarket,Amarilla,1630.5,24457.5,22256.325,15,16305,260,Medium,2201.175,5951.325
2014,Qtr 3,July,1,2014,July,7,Canada,Government,Carretera,819,5733,5217.03,7,4095,3,Medium,515.97,1122.03
2014,Qtr 3,July,1,2014,July,7,Canada,Small Business,Velo,3793.5,1138050,1035625.5,300,948375,120,Medium,102424.5,87250.5
2014,Qtr 3,July,1,2014,July,7,Canada,Enterprise,Montana,2665.5,333187.5,333187.5,125,319860,5,None,0,13327.5
2014,Qtr 3,August,1,2014,August,8,Canada,Government,Paseo,2394,47880,42613.2,20,23940,10,High,5266.8,18673.2
2014,Qtr 3,August,1,2014,August,8,Canada,Midmarket,Paseo,2559,38385,32627.25,15,25590,10,High,5757.75,7037.25
2014,Qtr 3,August,1,2014,August,8,Canada,Government,Montana,1830,12810,12681.9,7,9150,5,Low,128.1,3531.9
2014,Qtr 3,August,1,2014,August,8,Canada,Enterprise,Velo,923,115375,114221.25,125,110760,120,Low,1153.75,3461.25
2014,Qtr 3,August,1,2014,August,8,Canada,Small Business,VTT,1874,562200,545334,300,468500,250,Low,16866,76834
2014,Qtr 3,August,1,2014,August,8,Canada,Government,Amarilla,552,193200,183540,350,143520,260,Medium,9660,40020
2014,Qtr 3,August,1,2014,August,8,Canada,Channel Partners,Carretera,1884,22608,21025.44,12,5652,3,Medium,1582.56,15373.44
2014,Qtr 3,September,1,2014,September,9,Canada,Government,Amarilla,707,247450,222705,350,183820,260,High,24745,38885
2014,Qtr 3,September,1,2014,September,9,Canada,Government,Montana,388,2716,2335.76,7,1940,5,High,380.24,395.76
2014,Qtr 3,September,1,2014,September,9,Canada,Channel Partners,Carretera,1445,17340,17166.6,12,4335,3,Low,173.4,12831.6
2014,Qtr 3,September,1,2014,September,9,Canada,Government,Paseo,2074,41480,39820.8,20,20740,10,Low,1659.2,19080.8
2014,Qtr 3,September,1,2014,September,9,Canada,Midmarket,Paseo,218,3270,3139.2,15,2180,10,Low,130.8,959.2
2014,Qtr 3,September,1,2014,September,9,Canada,Enterprise,Velo,567,70875,64496.25,125,68040,120,Medium,6378.75,-3543.75
2014,Qtr 3,September,1,2014,September,9,Canada,Small Business,VTT,2134,640200,588984,300,533500,250,Medium,51216,55484
2014,Qtr 4,October,1,2014,October,10,Canada,Government,Amarilla,2734,19138,16841.44,7,13670,260,High,2296.56,3171.44
2014,Qtr 4,October,1,2014,October,10,Canada,Small Business,Carretera,1496,448800,385968,300,374000,3,High,62832,11968
2014,Qtr 4,October,1,4028,October,10,Canada,Government,Montana,3983,44118,38574.04,27,26160,10,High,5543.96,12414.04
2014,Qtr 4,October,1,2014,October,10,Canada,Government,Paseo,1249,24980,21732.6,20,12490,10,High,3247.4,9242.6
2014,Qtr 4,October,1,2014,October,10,Canada,Midmarket,Paseo,1565,23475,20423.25,15,15650,10,High,3051.75,4773.25
2014,Qtr 4,October,1,2014,October,10,Canada,Midmarket,VTT,1565,23475,20423.25,15,15650,250,High,3051.75,4773.25
2014,Qtr 4,October,1,2014,October,10,Canada,Small Business,VTT,1496,448800,385968,300,374000,250,High,62832,11968
2014,Qtr 4,October,1,2014,October,10,Canada,Channel Partners,Carretera,1295,15540,15229.2,12,3885,3,Low,310.8,11344.2
2014,Qtr 4,October,1,2014,October,10,Canada,Channel Partners,Paseo,1295,15540,15229.2,12,3885,10,Low,310.8,11344.2
2014,Qtr 4,October,1,2014,October,10,Canada,Enterprise,Paseo,2009,251125,243591.25,125,241080,10,Low,7533.75,2511.25
2014,Qtr 4,October,1,2014,October,10,Canada,Enterprise,Velo,2009,251125,243591.25,125,241080,120,Low,7533.75,2511.25
2014,Qtr 4,October,1,2014,October,10,Canada,Government,Amarilla,1269,444150,404176.5,350,329940,260,Medium,39973.5,74236.5
2014,Qtr 4,October,1,2014,October,10,Canada,Government,Velo,1269,444150,404176.5,350,329940,120,Medium,39973.5,74236.5
2014,Qtr 4,November,1,2014,November,11,Canada,Midmarket,Carretera,2689,40335,35494.8,15,26890,3,High,4840.2,8604.8
2014,Qtr 4,November,1,2014,November,11,Canada,Government,Paseo,700,245000,210700,350,182000,10,High,34300,28700
2014,Qtr 4,November,1,2014,November,11,Canada,Small Business,Paseo,1366,409800,364722,300,341500,10,High,45078,23222
2014,Qtr 4,November,1,2014,November,11,Canada,Government,Velo,1808,12656,11263.84,7,9040,120,High,1392.16,2223.84
2014,Qtr 4,November,1,2014,November,11,Canada,Enterprise,VTT,2529,316125,284512.5,125,303480,250,High,31612.5,-18967.5
2014,Qtr 4,November,1,2014,November,11,Canada,Government,Amarilla,1118,22360,20794.8,20,11180,260,Medium,1565.2,9614.8
2014,Qtr 4,November,1,2014,November,11,Canada,Channel Partners,Montana,2321,27852,25345.32,12,6963,5,Medium,2506.68,18382.32
2014,Qtr 4,December,1,2014,December,12,Canada,Midmarket,Carretera,2300,34500,29670,15,23000,3,High,4830,6670
2014,Qtr 4,December,1,2014,December,12,Canada,Midmarket,Montana,2300,34500,29670,15,23000,5,High,4830,6670
2014,Qtr 4,December,1,2014,December,12,Canada,Small Business,Amarilla,1916,574800,563304,300,479000,260,Low,11496,84304
2014,Qtr 4,December,1,2014,December,12,Canada,Government,Carretera,2852,998200,978236,350,741520,3,Low,19964,236716
2014,Qtr 4,December,1,2014,December,12,Canada,Enterprise,Paseo,2729,341125,334302.5,125,327480,10,Low,6822.5,6822.5
2014,Qtr 4,December,1,2014,December,12,Canada,Government,Paseo,2852,998200,978236,350,741520,10,Low,19964,236716
2014,Qtr 4,December,1,2014,December,12,Canada,Small Business,Paseo,1916,574800,563304,300,479000,10,Low,11496,84304
2014,Qtr 4,December,1,2014,December,12,Canada,Enterprise,VTT,2729,341125,334302.5,125,327480,250,Low,6822.5,6822.5
2014,Qtr 4,December,1,2014,December,12,Canada,Channel Partners,Paseo,2431,29172,27713.4,12,7293,10,Medium,1458.6,20420.4
2014,Qtr 4,December,1,2014,December,12,Canada,Channel Partners,Velo,2431,29172,27713.4,12,7293,120,Medium,1458.6,20420.4
2014,Qtr 4,December,1,2014,December,12,Canada,Government,Velo,1582,11074,10298.82,7,7910,120,Medium,775.18,2388.82
2014,Qtr 4,December,1,2014,December,12,Canada,Government,VTT,1582,11074,10298.82,7,7910,250,Medium,775.18,2388.82
2014,Qtr 4,December,1,2014,December,12,Canada,Government,Paseo,1817,36340,36340,20,18170,10,None,0,18170
2014,Qtr 4,December,1,2014,December,12,Canada,Government,VTT,1817,36340,36340,20,18170,250,None,0,18170
2013,Qtr 3,September,1,2013,September,9,France,Enterprise,Carretera,1023,127875,109972.5,125,122760,3,High,17902.5,-12787.5
2013,Qtr 3,September,1,2013,September,9,France,Government,Velo,2805,56100,49929,20,28050,120,High,6171,21879
2013,Qtr 3,September,1,2013,September,9,France,Small Business,Montana,322,96600,87906,300,80500,5,Medium,8694,7406
2013,Qtr 3,September,1,2013,September,9,France,Government,Paseo,1031,7217,6711.81,7,5155,10,Medium,505.19,1556.81
2013,Qtr 3,September,1,2013,September,9,France,Channel Partners,VTT,2234,26808,24395.28,12,6702,250,Medium,2412.72,17693.28
2013,Qtr 3,September,1,2013,September,9,France,Midmarket,Paseo,549,8235,8235,15,5490,10,None,0,2745
2013,Qtr 3,September,1,2013,September,9,France,Government,VTT,1527,534450,534450,350,397020,250,None,0,137430
2013,Qtr 4,October,1,2013,October,10,France,Channel Partners,Carretera,1198,14376,12794.64,12,3594,3,High,1581.36,9200.64
2013,Qtr 4,October,1,2013,October,10,France,Channel Partners,Paseo,1198,14376,12794.64,12,3594,10,High,1581.36,9200.64
2013,Qtr 4,October,1,2013,October,10,France,Midmarket,Paseo,2167,32505,29254.5,15,21670,10,High,3250.5,7584.5
2013,Qtr 4,October,1,2013,October,10,France,Midmarket,VTT,2167,32505,29254.5,15,21670,250,High,3250.5,7584.5
2013,Qtr 4,October,1,4026,October,10,France,Government,Amarilla,3479,736421,692235.74,357,546775,520,Medium,44185.26,145460.74
2013,Qtr 4,October,1,4026,October,10,France,Government,Montana,3160,44961,42263.34,27,24585,10,Medium,2697.66,17678.34
2013,Qtr 4,October,1,2013,October,10,France,Enterprise,Paseo,704,88000,83600,125,84480,10,Medium,4400,-880
2013,Qtr 4,October,1,2013,October,10,France,Government,Paseo,1757,35140,33031.6,20,17570,10,Medium,2108.4,15461.6
2013,Qtr 4,October,1,2013,October,10,France,Enterprise,Velo,704,88000,83600,125,84480,120,Medium,4400,-880
2013,Qtr 4,October,1,2013,October,10,France,Government,Velo,2076,726600,683004,350,539760,120,Medium,43596,143244
2013,Qtr 4,October,1,2013,October,10,France,Small Business,Velo,1221,366300,344322,300,305250,120,Medium,21978,39072
2013,Qtr 4,October,1,2013,October,10,France,Small Business,VTT,1221,366300,344322,300,305250,250,Medium,21978,39072
2013,Qtr 4,November,1,2013,November,11,France,Government,Paseo,1922,672700,578522,350,499720,10,High,94178,78802
2013,Qtr 4,November,1,2013,November,11,France,Midmarket,Amarilla,321,4815,4766.85,15,3210,260,Low,48.15,1556.85
2013,Qtr 4,November,1,2013,November,11,France,Government,Carretera,2145,15015,14714.7,7,10725,3,Low,300.3,3989.7
2013,Qtr 4,November,1,2013,November,11,France,Channel Partners,Paseo,1785,21420,20991.6,12,5355,10,Low,428.4,15636.6
2013,Qtr 4,November,1,2013,November,11,France,Enterprise,Montana,1857,232125,211233.75,125,222840,5,Medium,20891.25,-11606.25
2013,Qtr 4,November,1,2013,November,11,France,Small Business,Velo,386,115800,106536,300,96500,120,Medium,9264,10036
2013,Qtr 4,November,1,2013,November,11,France,Government,VTT,2682,53640,48812.4,20,26820,250,Medium,4827.6,21992.4
2013,Qtr 4,December,1,2013,December,12,France,Enterprise,Carretera,1482,185250,166725,125,177840,3,High,18525,-11115
2013,Qtr 4,December,1,2013,December,12,France,Small Business,Montana,1186,355800,313104,300,296500,5,High,42696,16604
2013,Qtr 4,December,1,2013,December,12,France,Government,VTT,1281,448350,385581,350,333060,250,High,62769,52521
2013,Qtr 4,December,1,2013,December,12,France,Midmarket,Paseo,2261,33915,32558.4,15,22610,10,Low,1356.6,9948.4
2013,Qtr 4,December,1,2013,December,12,France,Channel Partners,Amarilla,306,3672,3341.52,12,918,260,Medium,330.48,2423.52
2013,Qtr 4,December,1,2013,December,12,France,Government,Paseo,2136,14952,14204.4,7,10680,10,Medium,747.6,3524.4
2013,Qtr 4,December,1,2013,December,12,France,Government,Velo,1033,20660,19627,20,10330,120,Medium,1033,9297
2014,Qtr 1,January,1,2014,January,1,France,Government,Carretera,2521.5,50430,44378.4,20,25215,3,High,6051.6,19163.4
2014,Qtr 1,January,1,2014,January,1,France,Midmarket,Velo,3997.5,59962.5,52167.375,15,39975,120,High,7795.125,12192.375
2014,Qtr 1,January,1,2014,January,1,France,Channel Partners,VTT,1734,20808,18519.12,12,5202,250,High,2288.88,13317.12
2014,Qtr 1,January,1,2014,January,1,France,Government,Paseo,3945,27615,27338.85,7,19725,10,Low,276.15,7613.85
2014,Qtr 1,January,1,2014,January,1,France,Small Business,Paseo,2434.5,730350,708439.5,300,608625,10,Low,21910.5,99814.5
2014,Qtr 1,January,1,2014,January,1,France,Enterprise,Amarilla,1987.5,248437.5,233531.25,125,238500,260,Medium,14906.25,-4968.75
2014,Qtr 1,January,1,2014,January,1,France,Government,Montana,1384.5,484575,460346.25,350,359970,5,Medium,24228.75,100376.25
2014,Qtr 1,February,1,2014,February,2,France,Government,Montana,293,2051,1763.86,7,1465,5,High,287.14,298.86
2014,Qtr 1,February,1,2014,February,2,France,Midmarket,Paseo,2296,34440,34095.6,15,22960,10,Low,344.4,11135.6
2014,Qtr 1,February,1,2014,February,2,France,Channel Partners,Carretera,1865,22380,21261,12,5595,3,Medium,1119,15666
2014,Qtr 1,February,1,2014,February,2,France,Government,Paseo,1303,26060,24757,20,13030,10,Medium,1303,11727
2014,Qtr 1,February,1,2014,February,2,France,Small Business,VTT,959,287700,267561,300,239750,250,Medium,20139,27811
2014,Qtr 1,February,1,2014,February,2,France,Government,Amarilla,2750,962500,962500,350,715000,260,None,0,247500
2014,Qtr 1,February,1,2014,February,2,France,Enterprise,Velo,1804,225500,225500,125,216480,120,None,0,9020
2014,Qtr 1,March,1,2014,March,3,France,Small Business,Amarilla,2475,742500,631125,300,618750,260,High,111375,12375
2014,Qtr 1,March,1,2014,March,3,France,Government,Carretera,1790,626500,545055,350,465400,3,High,81445,79655
2014,Qtr 1,March,1,2014,March,3,France,Government,Paseo,1954,39080,35172,20,19540,10,High,3908,15632
2014,Qtr 1,March,1,2014,March,3,France,Government,VTT,1491,10437,9184.56,7,7455,250,High,1252.44,1729.56
2014,Qtr 1,March,1,2014,March,3,France,Midmarket,Montana,2501,37515,34513.8,15,25010,5,Medium,3001.2,9503.8
2014,Qtr 1,March,1,2014,March,3,France,Enterprise,Paseo,2385,298125,283218.75,125,286200,10,Medium,14906.25,-2981.25
2014,Qtr 1,March,1,2014,March,3,France,Channel Partners,Velo,1967,23604,21479.64,12,5901,120,Medium,2124.36,15578.64
2014,Qtr 2,April,1,2014,April,4,France,Small Business,Montana,1773,531900,468072,300,443250,5,High,63828,24822
2014,Qtr 2,April,1,2014,April,4,France,Government,Paseo,2532,17724,15774.36,7,12660,10,High,1949.64,3114.36
2014,Qtr 2,April,1,2014,April,4,France,Enterprise,Carretera,4243.5,530437.5,514524.375,125,509220,3,Low,15913.125,5304.375
2014,Qtr 2,April,1,2014,April,4,France,Government,Velo,3864,77280,76507.2,20,38640,120,Low,772.8,37867.2
2014,Qtr 2,April,1,2014,April,4,France,Midmarket,Paseo,3801,57015,53594.1,15,38010,10,Medium,3420.9,15584.1
2014,Qtr 2,April,1,2014,April,4,France,Channel Partners,VTT,1738.5,20862,19401.66,12,5215.5,250,Medium,1460.34,14186.16
2014,Qtr 2,April,1,2014,April,4,France,Government,VTT,574.5,201075,184989,350,149370,250,Medium,16086,35619
2014,Qtr 2,May,1,2014,May,5,France,Enterprise,Amarilla,1433,179125,159421.25,125,171960,260,High,19703.75,-12538.75
2014,Qtr 2,May,1,2014,May,5,France,Midmarket,Velo,2826,42390,36031.5,15,28260,120,High,6358.5,7771.5
2014,Qtr 2,May,1,2014,May,5,France,Government,Paseo,1030,7210,7137.9,7,5150,10,Low,72.1,1987.9
2014,Qtr 2,May,1,2014,May,5,France,Small Business,Paseo,918,275400,269892,300,229500,10,Low,5508,40392
2014,Qtr 2,May,1,2014,May,5,France,Channel Partners,VTT,866,10392,9976.32,12,2598,250,Low,415.68,7378.32
2014,Qtr 2,May,1,2014,May,5,France,Government,Carretera,1563,31260,29697,20,15630,3,Medium,1563,14067
2014,Qtr 2,May,1,2014,May,5,France,Government,Montana,1666,583100,530621,350,433160,5,Medium,52479,97461
2014,Qtr 2,June,1,2014,June,6,France,Government,Amarilla,1190,8330,7247.1,7,5950,260,High,1082.9,1297.1
2014,Qtr 2,June,1,2014,June,6,France,Government,Velo,1190,8330,7247.1,7,5950,120,High,1082.9,1297.1
2014,Qtr 2,June,1,2014,June,6,France,Channel Partners,Montana,1901,22812,22127.64,12,5703,5,Low,684.36,16424.64
2014,Qtr 2,June,1,2014,June,6,France,Channel Partners,Paseo,1901,22812,22127.64,12,5703,10,Low,684.36,16424.64
2014,Qtr 2,June,1,2014,June,6,France,Enterprise,Paseo,787,98375,97391.25,125,94440,10,Low,983.75,2951.25
2014,Qtr 2,June,1,2014,June,6,France,Enterprise,VTT,787,98375,97391.25,125,94440,250,Low,983.75,2951.25
2014,Qtr 2,June,1,2014,June,6,France,Small Business,Carretera,448,134400,124992,300,112000,3,Medium,9408,12992
2014,Qtr 2,June,1,2014,June,6,France,Government,Paseo,1496,523600,492184,350,388960,10,Medium,31416,103224
2014,Qtr 2,June,1,2014,June,6,France,Small Business,Paseo,448,134400,124992,300,112000,10,Medium,9408,12992
2014,Qtr 2,June,1,2014,June,6,France,Government,Velo,1496,523600,492184,350,388960,120,Medium,31416,103224
2014,Qtr 2,June,1,2014,June,6,France,Government,Amarilla,1899,37980,37980,20,18990,260,None,0,18990
2014,Qtr 2,June,1,2014,June,6,France,Midmarket,Carretera,2178,32670,32670,15,21780,3,None,0,10890
2014,Qtr 2,June,1,2014,June,6,France,Government,Montana,1899,37980,37980,20,18990,5,None,0,18990
2014,Qtr 2,June,1,2014,June,6,France,Midmarket,VTT,2178,32670,32670,15,21780,250,None,0,10890
2014,Qtr 3,July,1,2014,July,7,France,Government,Amarilla,3421.5,23950.5,21076.44,7,17107.5,260,High,2874.06,3968.94
2014,Qtr 3,July,1,2014,July,7,France,Channel Partners,Paseo,2425.5,29106,25904.34,12,7276.5,10,High,3201.66,18627.84
2014,Qtr 3,July,1,2014,July,7,France,Government,Velo,639,223650,201285,350,166140,120,High,22365,35145
2014,Qtr 3,July,1,2014,July,7,France,Midmarket,VTT,3874.5,58117.5,51143.4,15,38745,250,High,6974.1,12398.4
2014,Qtr 3,July,1,2014,July,7,France,Government,Montana,1375.5,27510,27234.9,20,13755,5,Low,275.1,13479.9
2014,Qtr 3,July,1,2014,July,7,France,Enterprise,Paseo,2988,373500,358560,125,358560,10,Low,14940,0
2014,Qtr 3,July,1,2014,July,7,France,Small Business,Velo,1659,497700,462861,300,414750,120,Medium,34839,48111
2014,Qtr 3,August,1,2014,August,8,France,Channel Partners,Amarilla,2475,29700,25542,12,7425,260,High,4158,18117
2014,Qtr 3,August,1,2014,August,8,France,Enterprise,Carretera,1174,146750,124737.5,125,140880,3,High,22012.5,-16142.5
2014,Qtr 3,August,1,2014,August,8,France,Government,Paseo,2696,18872,16418.64,7,13480,10,High,2453.36,2938.64
2014,Qtr 3,August,1,2014,August,8,France,Small Business,Montana,1562,468600,431112,300,390500,5,Medium,37488,40612
2014,Qtr 3,August,1,2014,August,8,France,Midmarket,Paseo,2101,31515,29308.95,15,21010,10,Medium,2206.05,8298.95
2014,Qtr 3,August,1,2014,August,8,France,Government,Velo,1579,31580,30001,20,15790,120,Medium,1579,14211
2014,Qtr 3,August,1,2014,August,8,France,Government,VTT,381,133350,122682,350,99060,250,Medium,10668,23622
2014,Qtr 3,September,1,2014,September,9,France,Enterprise,Velo,663,82875,70443.75,125,79560,120,High,12431.25,-9116.25
2014,Qtr 3,September,1,2014,September,9,France,Channel Partners,Carretera,2671,32052,31731.48,12,8013,3,Low,320.52,23718.48
2014,Qtr 3,September,1,2014,September,9,France,Government,Montana,544,3808,3693.76,7,2720,5,Low,114.24,973.76
2014,Qtr 3,September,1,2014,September,9,France,Government,Amarilla,2876,1006600,936138,350,747760,260,Medium,70462,188378
2014,Qtr 3,September,1,2014,September,9,France,Government,Paseo,1535,30700,28551,20,15350,10,Medium,2149,13201
2014,Qtr 3,September,1,2014,September,9,France,Midmarket,Paseo,2620,39300,37335,15,26200,10,Medium,1965,11135
2014,Qtr 3,September,1,2014,September,9,France,Small Business,VTT,2151,645300,645300,300,537750,250,None,0,107550
2014,Qtr 4,October,1,2014,October,10,France,Channel Partners,Amarilla,1393,16716,14375.76,12,4179,260,High,2340.24,10196.76
2014,Qtr 4,October,1,2014,October,10,France,Government,Amarilla,1731,12117,10420.62,7,8655,260,High,1696.38,1765.62
2014,Qtr 4,October,1,2014,October,10,France,Enterprise,Carretera,2441,305125,271561.25,125,292920,3,High,33563.75,-21358.75
2014,Qtr 4,October,1,2014,October,10,France,Channel Partners,Paseo,1393,16716,14375.76,12,4179,10,High,2340.24,10196.76
2014,Qtr 4,October,1,2014,October,10,France,Enterprise,Paseo,2441,305125,271561.25,125,292920,10,High,33563.75,-21358.75
2014,Qtr 4,October,1,2014,October,10,France,Government,Paseo,1731,12117,10420.62,7,8655,10,High,1696.38,1765.62
2014,Qtr 4,October,1,2014,October,10,France,Government,Velo,2177,761950,731472,350,566020,120,Low,30478,165452
2014,Qtr 4,October,1,2014,October,10,France,Government,VTT,2177,761950,731472,350,566020,250,Low,30478,165452
2014,Qtr 4,October,1,2014,October,10,France,Small Business,Carretera,2181,654300,608499,300,545250,3,Medium,45801,63249
2014,Qtr 4,October,1,2014,October,10,France,Government,Montana,1976,39520,36753.6,20,19760,5,Medium,2766.4,16993.6
2014,Qtr 4,October,1,2014,October,10,France,Small Business,Montana,2181,654300,608499,300,545250,5,Medium,45801,63249
2014,Qtr 4,October,1,2014,October,10,France,Midmarket,Paseo,1227,18405,16748.55,15,12270,10,Medium,1656.45,4478.55
2014,Qtr 4,October,1,2014,October,10,France,Government,Velo,1976,39520,36753.6,20,19760,120,Medium,2766.4,16993.6
2014,Qtr 4,October,1,2014,October,10,France,Midmarket,VTT,1227,18405,16748.55,15,12270,250,Medium,1656.45,4478.55
2014,Qtr 4,November,1,2014,November,11,France,Government,Paseo,1594,557900,490952,350,414440,10,High,66948,76512
2014,Qtr 4,November,1,2014,November,11,France,Government,Amarilla,941,18820,18443.6,20,9410,260,Low,376.4,9033.6
2014,Qtr 4,November,1,2014,November,11,France,Government,Velo,639,4473,4428.27,7,3195,120,Low,44.73,1233.27
2014,Qtr 4,November,1,2014,November,11,France,Enterprise,VTT,1744,218000,215820,125,209280,250,Low,2180,6540
2014,Qtr 4,November,1,2014,November,11,France,Midmarket,Carretera,490,7350,6762,15,4900,3,Medium,588,1862
2014,Qtr 4,November,1,2014,November,11,France,Channel Partners,Montana,2342,28104,26136.72,12,7026,5,Medium,1967.28,19110.72
2014,Qtr 4,November,1,2014,November,11,France,Small Business,Paseo,1324,397200,361452,300,331000,10,Medium,35748,30452
2014,Qtr 4,December,1,2014,December,12,France,Midmarket,Amarilla,2072,31080,27972,15,20720,260,High,3108,7252
2014,Qtr 4,December,1,2014,December,12,France,Small Business,Amarilla,853,255900,230310,300,213250,260,High,25590,17060
2014,Qtr 4,December,1,2014,December,12,France,Midmarket,Montana,2072,31080,27972,15,20720,5,High,3108,7252
2014,Qtr 4,December,1,2014,December,12,France,Government,Paseo,293,5860,4981,20,2930,10,High,879,2051
2014,Qtr 4,December,1,2014,December,12,France,Small Business,Velo,853,255900,230310,300,213250,120,High,25590,17060
2014,Qtr 4,December,1,2014,December,12,France,Government,VTT,293,5860,4981,20,2930,250,High,879,2051
2014,Qtr 4,December,1,2014,December,12,France,Government,Carretera,2155,754250,746707.5,350,560300,3,Low,7542.5,186407.5
2014,Qtr 4,December,1,2014,December,12,France,Enterprise,Montana,1287,160875,156048.75,125,154440,5,Low,4826.25,1608.75
2014,Qtr 4,December,1,2014,December,12,France,Channel Partners,Paseo,1055,12660,12406.8,12,3165,10,Low,253.2,9241.8
2014,Qtr 4,December,1,2014,December,12,France,Enterprise,Paseo,1287,160875,156048.75,125,154440,10,Low,4826.25,1608.75
2014,Qtr 4,December,1,2014,December,12,France,Government,Paseo,2155,754250,746707.5,350,560300,10,Low,7542.5,186407.5
2014,Qtr 4,December,1,2014,December,12,France,Channel Partners,Velo,1055,12660,12406.8,12,3165,120,Low,253.2,9241.8
2014,Qtr 4,December,1,2014,December,12,France,Government,Carretera,2487,17409,16538.55,7,12435,3,Medium,870.45,4103.55
2014,Qtr 4,December,1,2014,December,12,France,Government,VTT,2487,17409,16538.55,7,12435,250,Medium,870.45,4103.55
2013,Qtr 3,September,1,2013,September,9,Germany,Government,Carretera,442,8840,7690.8,20,4420,3,High,1149.2,3270.8
2013,Qtr 3,September,1,2013,September,9,Germany,Midmarket,Velo,660,9900,8613,15,6600,120,High,1287,2013
2013,Qtr 3,September,1,2013,September,9,Germany,Government,Montana,1797,628950,610081.5,350,467220,5,Low,18868.5,142861.5
2013,Qtr 3,September,1,2013,September,9,Germany,Enterprise,Amarilla,994,124250,115552.5,125,119280,260,Medium,8697.5,-3727.5
2013,Qtr 3,September,1,2013,September,9,Germany,Government,Paseo,2409,16863,15513.96,7,12045,10,Medium,1349.04,3468.96
2013,Qtr 3,September,1,2013,September,9,Germany,Small Business,Paseo,1123,336900,313317,300,280750,10,Medium,23583,32567
2013,Qtr 3,September,1,2013,September,9,Germany,Channel Partners,VTT,2215,26580,24719.4,12,6645,250,Medium,1860.6,18074.4
2013,Qtr 4,October,1,2013,October,10,Germany,Government,Montana,2992,59840,53257.6,20,29920,5,High,6582.4,23337.6
2013,Qtr 4,October,1,2013,October,10,Germany,Government,Paseo,2992,59840,53257.6,20,29920,10,High,6582.4,23337.6
2013,Qtr 4,October,1,2013,October,10,Germany,Government,Amarilla,2966,1038100,1017338,350,771160,260,Low,20762,246178
2013,Qtr 4,October,1,2013,October,10,Germany,Channel Partners,Carretera,766,9192,9100.08,12,2298,3,Low,91.92,6802.08
2013,Qtr 4,October,1,2013,October,10,Germany,Small Business,Carretera,214,64200,62916,300,53500,3,Low,1284,9416
2013,Qtr 4,October,1,2013,October,10,Germany,Channel Partners,Paseo,766,9192,9100.08,12,2298,10,Low,91.92,6802.08
2013,Qtr 4,October,1,2013,October,10,Germany,Enterprise,Paseo,809,101125,99102.5,125,97080,10,Low,2022.5,2022.5
2013,Qtr 4,October,1,2013,October,10,Germany,Midmarket,Paseo,1945,29175,28299.75,15,19450,10,Low,875.25,8849.75
2013,Qtr 4,October,1,2013,October,10,Germany,Enterprise,Velo,809,101125,99102.5,125,97080,120,Low,2022.5,2022.5
2013,Qtr 4,October,1,2013,October,10,Germany,Government,Velo,2966,1038100,1017338,350,771160,120,Low,20762,246178
2013,Qtr 4,October,1,2013,October,10,Germany,Midmarket,VTT,1945,29175,28299.75,15,19450,250,Low,875.25,8849.75
2013,Qtr 4,October,1,2013,October,10,Germany,Small Business,VTT,214,64200,62916,300,53500,250,Low,1284,9416
2013,Qtr 4,October,1,2013,October,10,Germany,Government,Amarilla,1159,8113,7707.35,7,5795,260,Medium,405.65,1912.35
2013,Qtr 4,October,1,2013,October,10,Germany,Government,Montana,1159,8113,7707.35,7,5795,5,Medium,405.65,1912.35
2013,Qtr 4,November,1,2013,November,11,Germany,Small Business,Velo,2536,760800,654288,300,634000,120,High,106512,20288
2013,Qtr 4,November,1,2013,November,11,Germany,Midmarket,Amarilla,970,14550,13240.5,15,9700,260,Medium,1309.5,3540.5
2013,Qtr 4,November,1,2013,November,11,Germany,Government,Carretera,1016,7112,6756.4,7,5080,3,Medium,355.6,1676.4
2013,Qtr 4,November,1,2013,November,11,Germany,Enterprise,Montana,2500,312500,290625,125,300000,5,Medium,21875,-9375
2013,Qtr 4,November,1,2013,November,11,Germany,Channel Partners,Paseo,1775,21300,19383,12,5325,10,Medium,1917,14058
2013,Qtr 4,November,1,2013,November,11,Germany,Government,Paseo,2146,751100,691012,350,557960,10,Medium,60088,133052
2013,Qtr 4,November,1,2013,November,11,Germany,Government,VTT,2297,45940,43643,20,22970,250,Medium,2297,20673
2013,Qtr 4,December,1,2013,December,12,Germany,Channel Partners,Amarilla,1770,21240,18478.8,12,5310,260,High,2761.2,13168.8
2013,Qtr 4,December,1,2013,December,12,Germany,Government,VTT,1870,654500,589050,350,486200,250,High,65450,102850
2013,Qtr 4,December,1,2013,December,12,Germany,Enterprise,Carretera,887,110875,104222.5,125,106440,3,Medium,6652.5,-2217.5
2013,Qtr 4,December,1,2013,December,12,Germany,Small Business,Montana,334,100200,91182,300,83500,5,Medium,9018,7682
2013,Qtr 4,December,1,2013,December,12,Germany,Government,Paseo,2125,14875,13833.75,7,10625,10,Medium,1041.25,3208.75
2013,Qtr 4,December,1,2013,December,12,Germany,Midmarket,Paseo,2116,31740,30153,15,21160,10,Medium,1587,8993
2013,Qtr 4,December,1,2013,December,12,Germany,Government,Velo,588,11760,10936.8,20,5880,120,Medium,823.2,5056.8
2014,Qtr 1,January,1,2014,January,1,Germany,Enterprise,Amarilla,3165,395625,352106.25,125,379800,260,High,43518.75,-27693.75
2014,Qtr 1,January,1,2014,January,1,Germany,Government,Montana,766,268100,238609,350,199160,5,High,29491,39449
2014,Qtr 1,January,1,2014,January,1,Germany,Small Business,Paseo,807,242100,210627,300,201750,10,High,31473,8877
2014,Qtr 1,January,1,2014,January,1,Germany,Midmarket,Velo,681,10215,9193.5,15,6810,120,High,1021.5,2383.5
2014,Qtr 1,January,1,2014,January,1,Germany,Channel Partners,VTT,2479,29748,28855.56,12,7437,250,Low,892.44,21418.56
2014,Qtr 1,January,1,2014,January,1,Germany,Government,Paseo,1372,9604,9123.8,7,6860,10,Medium,480.2,2263.8
2014,Qtr 1,January,1,2014,January,1,Germany,Government,Carretera,1321,26420,26420,20,13210,3,None,0,13210
2014,Qtr 1,February,1,2014,February,2,Germany,Government,Paseo,2708,54160,47119.2,20,27080,10,High,7040.8,20039.2
2014,Qtr 1,February,1,2014,February,2,Germany,Midmarket,Paseo,278,4170,3586.2,15,2780,10,High,583.8,806.2
2014,Qtr 1,February,1,2014,February,2,Germany,Government,Montana,1958,13706,13294.82,7,9790,5,Low,411.18,3504.82
2014,Qtr 1,February,1,2014,February,2,Germany,Government,Amarilla,1350,472500,448875,350,351000,260,Medium,23625,97875
2014,Qtr 1,February,1,2014,February,2,Germany,Channel Partners,Carretera,1116,13392,12722.4,12,3348,3,Medium,669.6,9374.4
2014,Qtr 1,February,1,2014,February,2,Germany,Enterprise,Velo,807,100875,95831.25,125,96840,120,Medium,5043.75,-1008.75
2014,Qtr 1,February,1,2014,February,2,Germany,Small Business,VTT,2659,797700,725907,300,664750,250,Medium,71793,61157
2014,Qtr 1,March,1,2014,March,3,Germany,Government,Carretera,792,277200,246708,350,205920,3,High,30492,40788
2014,Qtr 1,March,1,2014,March,3,Germany,Government,Paseo,1158,23160,19686,20,11580,10,High,3474,8106
2014,Qtr 1,March,1,2014,March,3,Germany,Small Business,Amarilla,259,77700,76146,300,64750,260,Low,1554,11396
2014,Qtr 1,March,1,2014,March,3,Germany,Enterprise,Paseo,795,99375,95400,125,95400,10,Low,3975,0
2014,Qtr 1,March,1,2014,March,3,Germany,Government,VTT,263,1841,1822.59,7,1315,250,Low,18.41,507.59
2014,Qtr 1,March,1,2014,March,3,Germany,Midmarket,Montana,921,13815,13815,15,9210,5,None,0,4605
2014,Qtr 1,March,1,2014,March,3,Germany,Channel Partners,Velo,2161,25932,25932,12,6483,120,None,0,19449
2014,Qtr 2,April,1,2014,April,4,Germany,Government,Montana,1199,419650,360899,350,311740,5,High,58751,49159
2014,Qtr 2,April,1,2014,April,4,Germany,Midmarket,Velo,510,7650,6885,15,5100,120,High,765,1785
2014,Qtr 2,April,1,2014,April,4,Germany,Government,Carretera,2580,51600,50052,20,25800,3,Low,1548,24252
2014,Qtr 2,April,1,2014,April,4,Germany,Small Business,Paseo,1414.5,424350,407376,300,353625,10,Low,16974,53751
2014,Qtr 2,April,1,2014,April,4,Germany,Government,Paseo,1259,8813,8107.96,7,6295,10,Medium,705.04,1812.96
2014,Qtr 2,April,1,2014,April,4,Germany,Enterprise,Amarilla,4219.5,527437.5,527437.5,125,506340,260,None,0,21097.5
2014,Qtr 2,April,1,2014,April,4,Germany,Channel Partners,VTT,2838,34056,34056,12,8514,250,None,0,25542
2014,Qtr 2,May,1,2014,May,5,Germany,Enterprise,Amarilla,2276,284500,278810,125,273120,260,Low,5690,5690
2014,Qtr 2,May,1,2014,May,5,Germany,Small Business,Paseo,1728,518400,508032,300,432000,10,Low,10368,76032
2014,Qtr 2,May,1,2014,May,5,Germany,Government,Carretera,663,13260,12066.6,20,6630,3,Medium,1193.4,5436.6
2014,Qtr 2,May,1,2014,May,5,Germany,Government,Montana,1460,511000,480340,350,379600,5,Medium,30660,100740
2014,Qtr 2,May,1,2014,May,5,Germany,Government,Paseo,1095,7665,7051.8,7,5475,10,Medium,613.2,1576.8
2014,Qtr 2,May,1,2014,May,5,Germany,Midmarket,Velo,1530,22950,21573,15,15300,120,Medium,1377,6273
2014,Qtr 2,May,1,2014,May,5,Germany,Channel Partners,VTT,880,10560,9609.6,12,2640,250,Medium,950.4,6969.6
2014,Qtr 2,June,1,2014,June,6,Germany,Small Business,Carretera,689,206700,200499,300,172250,3,Low,6201,28249
2014,Qtr 2,June,1,2014,June,6,Germany,Enterprise,Paseo,1570,196250,190362.5,125,188400,10,Low,5887.5,1962.5
2014,Qtr 2,June,1,2014,June,6,Germany,Small Business,Paseo,689,206700,200499,300,172250,10,Low,6201,28249
2014,Qtr 2,June,1,2014,June,6,Germany,Enterprise,VTT,1570,196250,190362.5,125,188400,250,Low,5887.5,1962.5
2014,Qtr 2,June,1,2014,June,6,Germany,Government,Amarilla,1366,27320,25134.4,20,13660,260,Medium,2185.6,11474.4
2014,Qtr 2,June,1,2014,June,6,Germany,Government,Paseo,1366,27320,25134.4,20,13660,10,Medium,2185.6,11474.4
2014,Qtr 2,June,1,2014,June,6,Germany,Government,Velo,2338,16366,15056.72,7,11690,120,Medium,1309.28,3366.72
2014,Qtr 2,June,1,2014,June,6,Germany,Government,VTT,2338,16366,15056.72,7,11690,250,Medium,1309.28,3366.72
2014,Qtr 2,June,1,2014,June,6,Germany,Midmarket,Carretera,888,13320,13320,15,8880,3,None,0,4440
2014,Qtr 2,June,1,2014,June,6,Germany,Channel Partners,Montana,1545,18540,18540,12,4635,5,None,0,13905
2014,Qtr 2,June,1,2014,June,6,Germany,Government,Paseo,1006,352100,352100,350,261560,10,None,0,90540
2014,Qtr 2,June,1,2014,June,6,Germany,Channel Partners,Velo,1545,18540,18540,12,4635,120,None,0,13905
2014,Qtr 2,June,1,2014,June,6,Germany,Government,Velo,1006,352100,352100,350,261560,120,None,0,90540
2014,Qtr 2,June,1,2014,June,6,Germany,Midmarket,VTT,888,13320,13320,15,8880,250,None,0,4440
2014,Qtr 3,July,1,2014,July,7,Germany,Small Business,Carretera,2811,843300,750537,300,702750,3,High,92763,47787
2014,Qtr 3,July,1,2014,July,7,Germany,Midmarket,VTT,492,7380,6273,15,4920,250,High,1107,1353
2014,Qtr 3,July,1,2014,July,7,Germany,Government,Montana,645,12900,11868,20,6450,5,Medium,1032,5418
2014,Qtr 3,July,1,2014,July,7,Germany,Enterprise,Paseo,3513,439125,408386.25,125,421560,10,Medium,30738.75,-13173.75
2014,Qtr 3,July,1,2014,July,7,Germany,Government,Velo,1307,457450,416279.5,350,339820,120,Medium,41170.5,76459.5
2014,Qtr 3,July,1,2014,July,7,Germany,Government,Amarilla,1686,11802,11802,7,8430,260,None,0,3372
2014,Qtr 3,July,1,2014,July,7,Germany,Channel Partners,Paseo,367,4404,4404,12,1101,10,None,0,3303
2014,Qtr 3,August,1,2014,August,8,Germany,Channel Partners,Amarilla,2574,30888,27799.2,12,7722,260,High,3088.8,20077.2
2014,Qtr 3,August,1,2014,August,8,Germany,Enterprise,Carretera,2767,345875,293993.75,125,332040,3,High,51881.25,-38046.25
2014,Qtr 3,August,1,2014,August,8,Germany,Small Business,Montana,1859,557700,535392,300,464750,5,Low,22308,70642
2014,Qtr 3,August,1,2014,August,8,Germany,Government,Paseo,1598,11186,10291.12,7,7990,10,Medium,894.88,2301.12
2014,Qtr 3,August,1,2014,August,8,Germany,Midmarket,Paseo,1743,26145,24576.3,15,17430,10,Medium,1568.7,7146.3
2014,Qtr 3,August,1,2014,August,8,Germany,Government,Velo,1001,20020,18818.8,20,10010,120,Medium,1201.2,8808.8
2014,Qtr 3,August,1,2014,August,8,Germany,Government,VTT,422,147700,135884,350,109720,250,Medium,11816,26164
2014,Qtr 3,September,1,2014,September,9,Germany,Government,Amarilla,1907,667450,640752,350,495820,260,Low,26698,144932
2014,Qtr 3,September,1,2014,September,9,Germany,Midmarket,Paseo,747,11205,11092.95,15,7470,10,Low,112.05,3622.95
2014,Qtr 3,September,1,2014,September,9,Germany,Small Business,VTT,986,295800,292842,300,246500,250,Low,2958,46342
2014,Qtr 3,September,1,2014,September,9,Germany,Channel Partners,Carretera,1580,18960,17253.6,12,4740,3,Medium,1706.4,12513.6
2014,Qtr 3,September,1,2014,September,9,Germany,Government,Paseo,1934,38680,35585.6,20,19340,10,Medium,3094.4,16245.6
2014,Qtr 3,September,1,2014,September,9,Germany,Enterprise,Velo,2087,260875,242613.75,125,250440,120,Medium,18261.25,-7826.25
2014,Qtr 3,September,1,2014,September,9,Germany,Government,Montana,2146,15022,15022,7,10730,5,None,0,4292
2014,Qtr 4,October,1,2014,October,10,Germany,Channel Partners,Amarilla,472,5664,5040.96,12,1416,260,High,623.04,3624.96
2014,Qtr 4,October,1,2014,October,10,Germany,Enterprise,Carretera,1085,135625,115281.25,125,130200,3,High,20343.75,-14918.75
2014,Qtr 4,October,1,2014,October,10,Germany,Enterprise,Paseo,1085,135625,115281.25,125,130200,10,High,20343.75,-14918.75
2014,Qtr 4,October,1,2014,October,10,Germany,Government,Paseo,241,4820,4338,20,2410,10,High,482,1928
2014,Qtr 4,October,1,2014,October,10,Germany,Midmarket,Paseo,1175,17625,14981.25,15,11750,10,High,2643.75,3231.25
2014,Qtr 4,October,1,2014,October,10,Germany,Channel Partners,Velo,472,5664,5040.96,12,1416,120,High,623.04,3624.96
2014,Qtr 4,October,1,2014,October,10,Germany,Government,Velo,241,4820,4338,20,2410,120,High,482,1928
2014,Qtr 4,October,1,2014,October,10,Germany,Midmarket,VTT,1175,17625,14981.25,15,11750,250,High,2643.75,3231.25
2014,Qtr 4,October,1,2014,October,10,Germany,Small Business,Carretera,2021,606300,582048,300,505250,3,Low,24252,76798
2014,Qtr 4,October,1,2014,October,10,Germany,Small Business,Montana,2021,606300,582048,300,505250,5,Low,24252,76798
2014,Qtr 4,October,1,2014,October,10,Germany,Government,Velo,2877,1006950,986811,350,748020,120,Low,20139,238791
2014,Qtr 4,October,1,2014,October,10,Germany,Government,VTT,2877,1006950,986811,350,748020,250,Low,20139,238791
2014,Qtr 4,October,1,2014,October,10,Germany,Government,Paseo,360,2520,2293.2,7,1800,10,Medium,226.8,493.2
2014,Qtr 4,October,1,2014,October,10,Germany,Government,VTT,360,2520,2293.2,7,1800,250,Medium,226.8,493.2
2014,Qtr 4,November,1,2014,November,11,Germany,Midmarket,Carretera,1513,22695,19517.7,15,15130,3,High,3177.3,4387.7
2014,Qtr 4,November,1,2014,November,11,Germany,Government,Paseo,357,124950,108706.5,350,92820,10,High,16243.5,15886.5
2014,Qtr 4,November,1,2014,November,11,Germany,Small Business,Paseo,1359,407700,358776,300,339750,10,High,48924,19026
2014,Qtr 4,November,1,2014,November,11,Germany,Government,Velo,2665,18655,16789.5,7,13325,120,High,1865.5,3464.5
2014,Qtr 4,November,1,2014,November,11,Germany,Enterprise,VTT,552,69000,58650,125,66240,250,High,10350,-7590
2014,Qtr 4,November,1,2014,November,11,Germany,Government,Amarilla,1520,30400,27968,20,15200,260,Medium,2432,12768
2014,Qtr 4,November,1,2014,November,11,Germany,Channel Partners,Montana,2342,28104,26698.8,12,7026,5,Medium,1405.2,19672.8
2014,Qtr 4,December,1,2014,December,12,Germany,Government,Carretera,280,1960,1685.6,7,1400,3,High,274.4,285.6
2014,Qtr 4,December,1,2014,December,12,Germany,Channel Partners,Paseo,1013,12156,10575.72,12,3039,10,High,1580.28,7536.72
2014,Qtr 4,December,1,2014,December,12,Germany,Government,Paseo,1531,30620,26945.6,20,15310,10,High,3674.4,11635.6
2014,Qtr 4,December,1,2014,December,12,Germany,Channel Partners,Velo,1013,12156,10575.72,12,3039,120,High,1580.28,7536.72
2014,Qtr 4,December,1,4028,December,12,Germany,Government,VTT,1811,32580,28631.2,27,16710,500,High,3948.8,11921.2
2014,Qtr 4,December,1,2014,December,12,Germany,Enterprise,Montana,1706,213250,206852.5,125,204720,5,Low,6397.5,2132.5
2014,Qtr 4,December,1,2014,December,12,Germany,Enterprise,Paseo,1706,213250,206852.5,125,204720,10,Low,6397.5,2132.5
2014,Qtr 4,December,1,2014,December,12,Germany,Midmarket,Amarilla,711,10665,9811.8,15,7110,260,Medium,853.2,2701.8
2014,Qtr 4,December,1,2014,December,12,Germany,Small Business,Amarilla,1250,375000,356250,300,312500,260,Medium,18750,43750
2014,Qtr 4,December,1,2014,December,12,Germany,Midmarket,Montana,711,10665,9811.8,15,7110,5,Medium,853.2,2701.8
2014,Qtr 4,December,1,2014,December,12,Germany,Small Business,Velo,1250,375000,356250,300,312500,120,Medium,18750,43750
2014,Qtr 4,December,1,2014,December,12,Germany,Government,Carretera,1513,529550,529550,350,393380,3,None,0,136170
2014,Qtr 4,December,1,2014,December,12,Germany,Government,Paseo,1513,529550,529550,350,393380,10,None,0,136170
2013,Qtr 3,September,1,2013,September,9,Mexico,Enterprise,Amarilla,947,118375,105353.75,125,113640,260,High,13021.25,-8286.25
2013,Qtr 3,September,1,2013,September,9,Mexico,Midmarket,Velo,655,9825,8744.25,15,6550,120,High,1080.75,2194.25
2013,Qtr 3,September,1,2013,September,9,Mexico,Channel Partners,VTT,1005,12060,10733.4,12,3015,250,High,1326.6,7718.4
2013,Qtr 3,September,1,2013,September,9,Mexico,Government,Paseo,1760,12320,11950.4,7,8800,10,Low,369.6,3150.4
2013,Qtr 3,September,1,2013,September,9,Mexico,Government,Carretera,1834,36680,34112.4,20,18340,3,Medium,2567.6,15772.4
2013,Qtr 3,September,1,2013,September,9,Mexico,Government,Montana,720,252000,239400,350,187200,5,Medium,12600,52200
2013,Qtr 3,September,1,2013,September,9,Mexico,Small Business,Paseo,788,236400,236400,300,197000,10,None,0,39400
2013,Qtr 4,October,1,4026,October,10,Mexico,Government,Amarilla,2071,132489,117552.54,357,98075,520,High,14936.46,19477.54
2013,Qtr 4,October,1,4026,October,10,Mexico,Government,Montana,3442,46389,40580.54,27,25785,10,High,5808.46,14795.54
2013,Qtr 4,October,1,2013,October,10,Mexico,Government,Paseo,1715,34300,30184,20,17150,10,High,4116,13034
2013,Qtr 4,October,1,2013,October,10,Mexico,Government,Velo,344,120400,107156,350,89440,120,High,13244,17716
2013,Qtr 4,October,1,2013,October,10,Mexico,Small Business,Carretera,494,148200,146718,300,123500,3,Low,1482,23218
2013,Qtr 4,October,1,2013,October,10,Mexico,Enterprise,Paseo,2145,268125,262762.5,125,257400,10,Low,5362.5,5362.5
2013,Qtr 4,October,1,2013,October,10,Mexico,Midmarket,Paseo,1514,22710,21801.6,15,15140,10,Low,908.4,6661.6
2013,Qtr 4,October,1,2013,October,10,Mexico,Enterprise,Velo,2145,268125,262762.5,125,257400,120,Low,5362.5,5362.5
2013,Qtr 4,October,1,2013,October,10,Mexico,Midmarket,VTT,1514,22710,21801.6,15,15140,250,Low,908.4,6661.6
2013,Qtr 4,October,1,2013,October,10,Mexico,Small Business,VTT,494,148200,146718,300,123500,250,Low,1482,23218
2013,Qtr 4,October,1,2013,October,10,Mexico,Channel Partners,Carretera,367,4404,4007.64,12,1101,3,Medium,396.36,2906.64
2013,Qtr 4,October,1,2013,October,10,Mexico,Channel Partners,Paseo,367,4404,4007.64,12,1101,10,Medium,396.36,2906.64
2013,Qtr 4,November,1,2013,November,11,Mexico,Midmarket,Amarilla,1870,28050,24123,15,18700,260,High,3927,5423
2013,Qtr 4,November,1,2013,November,11,Mexico,Government,Carretera,2706,18942,16858.38,7,13530,3,High,2083.62,3328.38
2013,Qtr 4,November,1,2013,November,11,Mexico,Government,Paseo,2151,752850,639922.5,350,559260,10,High,112927.5,80662.5
2013,Qtr 4,November,1,2013,November,11,Mexico,Small Business,Velo,2605,781500,679905,300,651250,120,High,101595,28655
2013,Qtr 4,November,1,2013,November,11,Mexico,Enterprise,Montana,1660,207500,203350,125,199200,5,Low,4150,4150
2013,Qtr 4,November,1,2013,November,11,Mexico,Channel Partners,Paseo,2763,33156,30835.08,12,8289,10,Medium,2320.92,22546.08
2013,Qtr 4,November,1,2013,November,11,Mexico,Government,VTT,1123,22460,21112.4,20,11230,250,Medium,1347.6,9882.4
2013,Qtr 4,December,1,2013,December,12,Mexico,Enterprise,Carretera,2821,352625,303257.5,125,338520,3,High,49367.5,-35262.5
2013,Qtr 4,December,1,2013,December,12,Mexico,Midmarket,Paseo,380,5700,5016,15,3800,10,High,684,1216
2013,Qtr 4,December,1,2013,December,12,Mexico,Government,Velo,544,10880,10662.4,20,5440,120,Low,217.6,5222.4
2013,Qtr 4,December,1,2013,December,12,Mexico,Government,VTT,1940,679000,665420,350,504400,250,Low,13580,161020
2013,Qtr 4,December,1,2013,December,12,Mexico,Channel Partners,Amarilla,1375,16500,15180,12,4125,260,Medium,1320,11055
2013,Qtr 4,December,1,2013,December,12,Mexico,Small Business,Montana,1100,330000,313500,300,275000,5,Medium,16500,38500
2013,Qtr 4,December,1,2013,December,12,Mexico,Government,Paseo,1946,13622,12532.24,7,9730,10,Medium,1089.76,2802.24
2014,Qtr 1,January,1,2014,January,1,Mexico,Government,Amarilla,2629,52580,46796.2,20,26290,260,High,5783.8,20506.2
2014,Qtr 1,January,1,2014,January,1,Mexico,Enterprise,VTT,554,69250,61632.5,125,66480,250,High,7617.5,-4847.5
2014,Qtr 1,January,1,2014,January,1,Mexico,Channel Partners,Montana,2340,28080,26114.4,12,7020,5,Medium,1965.6,19094.4
2014,Qtr 1,January,1,2014,January,1,Mexico,Government,Paseo,2417,845950,769814.5,350,628420,10,Medium,76135.5,141394.5
2014,Qtr 1,January,1,2014,January,1,Mexico,Small Business,Paseo,2565,769500,700245,300,641250,10,Medium,69255,58995
2014,Qtr 1,January,1,2014,January,1,Mexico,Midmarket,Velo,2861,42915,40769.25,15,28610,120,Medium,2145.75,12159.25
2014,Qtr 1,January,1,2014,January,1,Mexico,Government,Velo,1493,10451,10451,7,7465,120,None,0,2986
2014,Qtr 1,February,1,2014,February,2,Mexico,Government,Montana,1368,9576,8139.6,7,6840,5,High,1436.4,1299.6
2014,Qtr 1,February,1,2014,February,2,Mexico,Government,Paseo,260,5200,4472,20,2600,10,High,728,1872
2014,Qtr 1,February,1,2014,February,2,Mexico,Enterprise,Velo,1575,196875,169312.5,125,189000,120,High,27562.5,-19687.5
2014,Qtr 1,February,1,2014,February,2,Mexico,Government,Amarilla,1865,652750,626640,350,484900,260,Low,26110,141740
2014,Qtr 1,February,1,2014,February,2,Mexico,Channel Partners,Carretera,727,8724,8113.32,12,2181,3,Medium,610.68,5932.32
2014,Qtr 1,February,1,2014,February,2,Mexico,Small Business,VTT,2747,824100,766413,300,686750,250,Medium,57687,79663
2014,Qtr 1,February,1,2014,February,2,Mexico,Midmarket,Paseo,974,14610,14610,15,9740,10,None,0,4870
2014,Qtr 1,March,1,2014,March,3,Mexico,Government,Paseo,1122,22440,19971.6,20,11220,10,High,2468.4,8751.6
2014,Qtr 1,March,1,2014,March,3,Mexico,Channel Partners,Velo,500,6000,5100,12,1500,120,High,900,3600
2014,Qtr 1,March,1,2014,March,3,Mexico,Government,VTT,2903,20321,17476.06,7,14515,250,High,2844.94,2961.06
2014,Qtr 1,March,1,2014,March,3,Mexico,Small Business,Amarilla,1101,330300,323694,300,275250,260,Low,6606,48444
2014,Qtr 1,March,1,2014,March,3,Mexico,Government,Carretera,1210,423500,419265,350,314600,3,Low,4235,104665
2014,Qtr 1,March,1,2014,March,3,Mexico,Midmarket,Montana,2214,33210,32877.9,15,22140,5,Low,332.1,10737.9
2014,Qtr 1,March,1,2014,March,3,Mexico,Enterprise,Paseo,1114,139250,128110,125,133680,10,Medium,11140,-5570
2014,Qtr 2,April,1,2014,April,4,Mexico,Government,Carretera,2579,51580,44358.8,20,25790,3,High,7221.2,18568.8
2014,Qtr 2,April,1,2014,April,4,Mexico,Government,Paseo,2535,17745,15083.25,7,12675,10,High,2661.75,2408.25
2014,Qtr 2,April,1,2014,April,4,Mexico,Enterprise,Amarilla,1074,134250,128880,125,128880,260,Low,5370,0
2014,Qtr 2,April,1,2014,April,4,Mexico,Channel Partners,VTT,1916,22992,22302.24,12,5748,250,Low,689.76,16554.24
2014,Qtr 2,April,1,2014,April,4,Mexico,Government,Montana,980,343000,322420,350,254800,5,Medium,20580,67620
2014,Qtr 2,April,1,2014,April,4,Mexico,Small Business,Paseo,1607,482100,457995,300,401750,10,Medium,24105,56245
2014,Qtr 2,April,1,2014,April,4,Mexico,Midmarket,Velo,2628,39420,35872.2,15,26280,120,Medium,3547.8,9592.2
2014,Qtr 2,May,1,2014,May,5,Mexico,Government,Amarilla,2039,40780,36702,20,20390,260,High,4078,16312
2014,Qtr 2,May,1,2014,May,5,Mexico,Channel Partners,Montana,2661,31932,28100.16,12,7983,5,High,3831.84,20117.16
2014,Qtr 2,May,1,2014,May,5,Mexico,Government,Paseo,2851,997850,848172.5,350,741260,10,High,149677.5,106912.5
2014,Qtr 2,May,1,2014,May,5,Mexico,Small Business,Paseo,591,177300,159570,300,147750,10,High,17730,11820
2014,Qtr 2,May,1,2014,May,5,Mexico,Enterprise,VTT,341,42625,38362.5,125,40920,250,High,4262.5,-2557.5
2014,Qtr 2,May,1,2014,May,5,Mexico,Government,Velo,362,2534,2508.66,7,1810,120,Low,25.34,698.66
2014,Qtr 2,May,1,2014,May,5,Mexico,Midmarket,Velo,245,3675,3344.25,15,2450,120,Medium,330.75,894.25
2014,Qtr 2,June,1,2014,June,6,Mexico,Government,Carretera,886,310100,272888,350,230360,3,High,37212,42528
2014,Qtr 2,June,1,2014,June,6,Mexico,Channel Partners,Montana,604,7248,6305.76,12,1812,5,High,942.24,4493.76
2014,Qtr 2,June,1,2014,June,6,Mexico,Government,Paseo,886,310100,272888,350,230360,10,High,37212,42528
2014,Qtr 2,June,1,2014,June,6,Mexico,Channel Partners,Velo,604,7248,6305.76,12,1812,120,High,942.24,4493.76
2014,Qtr 2,June,1,2014,June,6,Mexico,Enterprise,Paseo,662,82750,81095,125,79440,10,Low,1655,1655
2014,Qtr 2,June,1,2014,June,6,Mexico,Enterprise,VTT,662,82750,81095,125,79440,250,Low,1655,1655
2014,Qtr 2,June,1,2014,June,6,Mexico,Government,Amarilla,1038,20760,18891.6,20,10380,260,Medium,1868.4,8511.6
2014,Qtr 2,June,1,2014,June,6,Mexico,Small Business,Amarilla,2460,738000,678960,300,615000,260,Medium,59040,63960
2014,Qtr 2,June,1,2014,June,6,Mexico,Government,Paseo,1038,20760,18891.6,20,10380,10,Medium,1868.4,8511.6
2014,Qtr 2,June,1,2014,June,6,Mexico,Small Business,Paseo,2460,738000,678960,300,615000,10,Medium,59040,63960
2014,Qtr 2,June,1,2014,June,6,Mexico,Government,Velo,1498,10486,9856.84,7,7490,120,Medium,629.16,2366.84
2014,Qtr 2,June,1,2014,June,6,Mexico,Government,VTT,1498,10486,9856.84,7,7490,250,Medium,629.16,2366.84
2014,Qtr 2,June,1,2014,June,6,Mexico,Midmarket,Carretera,2470,37050,37050,15,24700,3,None,0,12350
2014,Qtr 2,June,1,2014,June,6,Mexico,Midmarket,Montana,2470,37050,37050,15,24700,5,None,0,12350
2014,Qtr 3,July,1,2014,July,7,Mexico,Small Business,Carretera,801,240300,206658,300,200250,3,High,33642,6408
2014,Qtr 3,July,1,2014,July,7,Mexico,Government,Montana,2255,45100,39237,20,22550,5,High,5863,16687
2014,Qtr 3,July,1,2014,July,7,Mexico,Channel Partners,Paseo,571,6852,5961.24,12,1713,10,High,890.76,4248.24
2014,Qtr 3,July,1,2014,July,7,Mexico,Government,Velo,1395,488250,429660,350,362700,120,High,58590,66960
2014,Qtr 3,July,1,2014,July,7,Mexico,Midmarket,VTT,641,9615,8653.5,15,6410,250,High,961.5,2243.5
2014,Qtr 3,July,1,2014,July,7,Mexico,Enterprise,Paseo,1823,227875,225596.25,125,218760,10,Low,2278.75,6836.25
2014,Qtr 3,July,1,2014,July,7,Mexico,Government,Amarilla,1683,11781,11191.95,7,8415,260,Medium,589.05,2776.95
2014,Qtr 3,August,1,2014,August,8,Mexico,Midmarket,Paseo,1984,29760,26486.4,15,19840,10,High,3273.6,6646.4
2014,Qtr 3,August,1,2014,August,8,Mexico,Government,VTT,1642,574700,557459,350,426920,250,Low,17241,130539
2014,Qtr 3,August,1,2014,August,8,Mexico,Channel Partners,Amarilla,1123,13476,12802.2,12,3369,260,Medium,673.8,9433.2
2014,Qtr 3,August,1,2014,August,8,Mexico,Enterprise,Carretera,1540,192500,177100,125,184800,3,Medium,15400,-7700
2014,Qtr 3,August,1,2014,August,8,Mexico,Government,Velo,609,12180,11327.4,20,6090,120,Medium,852.6,5237.4
2014,Qtr 3,August,1,2014,August,8,Mexico,Small Business,Montana,958,287400,287400,300,239500,5,None,0,47900
2014,Qtr 3,August,1,2014,August,8,Mexico,Government,Paseo,883,6181,6181,7,4415,10,None,0,1766
2014,Qtr 3,September,1,2014,September,9,Mexico,Government,Montana,2420,16940,14907.2,7,12100,5,High,2032.8,2807.2
2014,Qtr 3,September,1,2014,September,9,Mexico,Small Business,VTT,432,129600,116640,300,108000,250,High,12960,8640
2014,Qtr 3,September,1,2014,September,9,Mexico,Government,Amarilla,1679,587650,552391,350,436540,260,Medium,35259,115851
2014,Qtr 3,September,1,2014,September,9,Mexico,Channel Partners,Carretera,562,6744,6339.36,12,1686,3,Medium,404.64,4653.36
2014,Qtr 3,September,1,2014,September,9,Mexico,Government,Paseo,2993,59860,55071.2,20,29930,10,Medium,4788.8,25141.2
2014,Qtr 3,September,1,2014,September,9,Mexico,Enterprise,Velo,2110,263750,240012.5,125,253200,120,Medium,23737.5,-13187.5
2014,Qtr 3,September,1,2014,September,9,Mexico,Midmarket,Paseo,2472,37080,37080,15,24720,10,None,0,12360
2014,Qtr 4,October,1,2014,October,10,Mexico,Channel Partners,Amarilla,410,4920,4280.4,12,1230,260,High,639.6,3050.4
2014,Qtr 4,October,1,2014,October,10,Mexico,Small Business,Amarilla,546,163800,139230,300,136500,260,High,24570,2730
2014,Qtr 4,October,1,2014,October,10,Mexico,Enterprise,Carretera,2156,269500,237160,125,258720,3,High,32340,-21560
2014,Qtr 4,October,1,2014,October,10,Mexico,Small Business,Montana,546,163800,139230,300,136500,5,High,24570,2730
2014,Qtr 4,October,1,2014,October,10,Mexico,Enterprise,Paseo,2156,269500,237160,125,258720,10,High,32340,-21560
2014,Qtr 4,October,1,2014,October,10,Mexico,Government,Paseo,905,18100,15928,20,9050,10,High,2172,6878
2014,Qtr 4,October,1,2014,October,10,Mexico,Channel Partners,Velo,410,4920,4280.4,12,1230,120,High,639.6,3050.4
2014,Qtr 4,October,1,2014,October,10,Mexico,Government,Velo,905,18100,15928,20,9050,120,High,2172,6878
2014,Qtr 4,October,1,2014,October,10,Mexico,Government,Carretera,1397,488950,484060.5,350,363220,3,Low,4889.5,120840.5
2014,Qtr 4,October,1,2014,October,10,Mexico,Midmarket,Montana,2031,30465,29246.4,15,20310,5,Low,1218.6,8936.4
2014,Qtr 4,October,1,2014,October,10,Mexico,Midmarket,Paseo,2031,30465,29246.4,15,20310,10,Low,1218.6,8936.4
2014,Qtr 4,October,1,2014,October,10,Mexico,Government,VTT,1397,488950,484060.5,350,363220,250,Low,4889.5,120840.5
2014,Qtr 4,October,1,2014,October,10,Mexico,Government,Paseo,2689,18823,17881.85,7,13445,10,Medium,941.15,4436.85
2014,Qtr 4,October,1,2014,October,10,Mexico,Government,VTT,2689,18823,17881.85,7,13445,250,Medium,941.15,4436.85
2014,Qtr 4,November,1,2014,November,11,Mexico,Government,Paseo,1197,418950,368676,350,311220,10,High,50274,57456
2014,Qtr 4,November,1,2014,November,11,Mexico,Small Business,Paseo,2150,645000,567600,300,537500,10,High,77400,30100
2014,Qtr 4,November,1,2014,November,11,Mexico,Channel Partners,Montana,690,8280,8114.4,12,2070,5,Low,165.6,6044.4
2014,Qtr 4,November,1,2014,November,11,Mexico,Government,Amarilla,1694,33880,30830.8,20,16940,260,Medium,3049.2,13890.8
2014,Qtr 4,November,1,2014,November,11,Mexico,Midmarket,Carretera,2791,41865,39771.75,15,27910,3,Medium,2093.25,11861.75
2014,Qtr 4,November,1,2014,November,11,Mexico,Government,Velo,1333,9331,8771.14,7,6665,120,Medium,559.86,2106.14
2014,Qtr 4,November,1,2014,November,11,Mexico,Enterprise,VTT,877,109625,99758.75,125,105240,250,Medium,9866.25,-5481.25
2014,Qtr 4,December,1,2014,December,12,Mexico,Midmarket,Amarilla,2157,32355,28795.95,15,21570,260,High,3559.05,7225.95
2014,Qtr 4,December,1,2014,December,12,Mexico,Midmarket,Montana,2157,32355,28795.95,15,21570,5,High,3559.05,7225.95
2014,Qtr 4,December,1,2014,December,12,Mexico,Government,Paseo,1233,24660,21700.8,20,12330,10,High,2959.2,9370.8
2014,Qtr 4,December,1,2014,December,12,Mexico,Government,VTT,1233,24660,21700.8,20,12330,250,High,2959.2,9370.8
2014,Qtr 4,December,1,2014,December,12,Mexico,Enterprise,Montana,1138,142250,136560,125,136560,5,Low,5690,0
2014,Qtr 4,December,1,2014,December,12,Mexico,Channel Partners,Paseo,1084,13008,12747.84,12,3252,10,Low,260.16,9495.84
2014,Qtr 4,December,1,2014,December,12,Mexico,Enterprise,Paseo,1138,142250,136560,125,136560,10,Low,5690,0
2014,Qtr 4,December,1,2014,December,12,Mexico,Channel Partners,Velo,1084,13008,12747.84,12,3252,120,Low,260.16,9495.84
2014,Qtr 4,December,1,2014,December,12,Mexico,Small Business,Amarilla,635,190500,175260,300,158750,260,Medium,15240,16510
2014,Qtr 4,December,1,4028,December,12,Mexico,Government,Carretera,1883,480347,441882.77,357,356725,6,Medium,38464.23,85157.77
2014,Qtr 4,December,1,2014,December,12,Mexico,Government,Paseo,1362,476700,438564,350,354120,10,Medium,38136,84444
2014,Qtr 4,December,1,2014,December,12,Mexico,Small Business,Velo,635,190500,175260,300,158750,120,Medium,15240,16510
2014,Qtr 4,December,1,2014,December,12,Mexico,Government,VTT,521,3647,3318.77,7,2605,250,Medium,328.23,713.77
2013,Qtr 3,September,1,2013,September,9,United States of America,Government,Paseo,380,2660,2367.4,7,1900,10,High,292.6,467.4
2013,Qtr 3,September,1,2013,September,9,United States of America,Channel Partners,Amarilla,1989,23868,23629.32,12,5967,260,Low,238.68,17662.32
2013,Qtr 3,September,1,2013,September,9,United States of America,Enterprise,Carretera,330,41250,40837.5,125,39600,3,Low,412.5,1237.5
2013,Qtr 3,September,1,2013,September,9,United States of America,Small Business,Montana,2498,749400,741906,300,624500,5,Low,7494,117406
2013,Qtr 3,September,1,2013,September,9,United States of America,Government,Velo,736,14720,14131.2,20,7360,120,Low,588.8,6771.2
2013,Qtr 3,September,1,2013,September,9,United States of America,Government,VTT,349,122150,117264,350,90740,250,Low,4886,26524
2013,Qtr 3,September,1,2013,September,9,United States of America,Midmarket,Paseo,2931,43965,40887.45,15,29310,10,Medium,3077.55,11577.45
2013,Qtr 4,October,1,2013,October,10,United States of America,Channel Partners,Carretera,386,4632,4168.8,12,1158,3,High,463.2,3010.8
2013,Qtr 4,October,1,2013,October,10,United States of America,Government,Carretera,2996,20972,18035.92,7,14980,3,High,2936.08,3055.92
2013,Qtr 4,October,1,2013,October,10,United States of America,Government,Montana,2996,20972,18035.92,7,14980,5,High,2936.08,3055.92
2013,Qtr 4,October,1,2013,October,10,United States of America,Channel Partners,Paseo,386,4632,4168.8,12,1158,10,High,463.2,3010.8
2013,Qtr 4,October,1,2013,October,10,United States of America,Government,Paseo,267,5340,4539,20,2670,10,High,801,1869
2013,Qtr 4,October,1,2013,October,10,United States of America,Small Business,Velo,2294,688200,619380,300,573500,120,High,68820,45880
2013,Qtr 4,October,1,2013,October,10,United States of America,Government,VTT,267,5340,4539,20,2670,250,High,801,1869
2013,Qtr 4,October,1,2013,October,10,United States of America,Small Business,VTT,2294,688200,619380,300,573500,250,High,68820,45880
2013,Qtr 4,October,1,2013,October,10,United States of America,Midmarket,Amarilla,671,10065,9662.4,15,6710,260,Low,402.6,2952.4
2013,Qtr 4,October,1,2013,October,10,United States of America,Enterprise,Montana,663,82875,82046.25,125,79560,5,Low,828.75,2486.25
2013,Qtr 4,October,1,2013,October,10,United States of America,Midmarket,Paseo,671,10065,9662.4,15,6710,10,Low,402.6,2952.4
2013,Qtr 4,October,1,2013,October,10,United States of America,Enterprise,Velo,663,82875,82046.25,125,79560,120,Low,828.75,2486.25
2013,Qtr 4,October,1,2013,October,10,United States of America,Government,Amarilla,727,254450,239183,350,189020,260,Medium,15267,50163
2013,Qtr 4,October,1,2013,October,10,United States of America,Government,Paseo,727,254450,239183,350,189020,10,Medium,15267,50163
2013,Qtr 4,November,1,2013,November,11,United States of America,Midmarket,Amarilla,2548,38220,33633.6,15,25480,260,High,4586.4,8153.6
2013,Qtr 4,November,1,2013,November,11,United States of America,Enterprise,Montana,1804,225500,202950,125,216480,5,High,22550,-13530
2013,Qtr 4,November,1,2013,November,11,United States of America,Government,Paseo,2007,702450,597082.5,350,521820,10,High,105367.5,75262.5
2013,Qtr 4,November,1,2013,November,11,United States of America,Small Business,Velo,2574,772200,656370,300,643500,120,High,115830,12870
2013,Qtr 4,November,1,2013,November,11,United States of America,Government,Carretera,263,1841,1730.54,7,1315,3,Medium,110.46,415.54
2013,Qtr 4,November,1,2013,November,11,United States of America,Government,VTT,1265,25300,24035,20,12650,250,Medium,1265,11385
2013,Qtr 4,November,1,2013,November,11,United States of America,Channel Partners,Paseo,912,10944,10944,12,2736,10,None,0,8208
2013,Qtr 4,December,1,2013,December,12,United States of America,Channel Partners,Amarilla,2015,24180,20794.8,12,6045,260,High,3385.2,14749.8
2013,Qtr 4,December,1,2013,December,12,United States of America,Enterprise,Velo,2438,304750,259037.5,125,292560,120,High,45712.5,-33522.5
2013,Qtr 4,December,1,2013,December,12,United States of America,Government,Paseo,2013,14091,13809.18,7,10065,10,Low,281.82,3744.18
2013,Qtr 4,December,1,2013,December,12,United States of America,Midmarket,Paseo,1925,28875,28297.5,15,19250,10,Low,577.5,9047.5
2013,Qtr 4,December,1,2013,December,12,United States of America,Government,VTT,266,93100,91238,350,69160,250,Low,1862,22078
2013,Qtr 4,December,1,2013,December,12,United States of America,Government,Velo,1421,28420,26430.6,20,14210,120,Medium,1989.4,12220.6
2013,Qtr 4,December,1,2013,December,12,United States of America,Small Business,VTT,808,242400,223008,300,202000,250,Medium,19392,21008
2014,Qtr 1,January,1,2014,January,1,United States of America,Enterprise,Amarilla,579,72375,65137.5,125,69480,260,High,7237.5,-4342.5
2014,Qtr 1,January,1,2014,January,1,United States of America,Government,Montana,982.5,343875,299171.25,350,255450,5,High,44703.75,43721.25
2014,Qtr 1,January,1,2014,January,1,United States of America,Government,Paseo,1438.5,10069.5,8760.465,7,7192.5,10,High,1309.035,1567.965
2014,Qtr 1,January,1,2014,January,1,United States of America,Small Business,Paseo,3495,1048500,922680,300,873750,10,High,125820,48930
2014,Qtr 1,January,1,2014,January,1,United States of America,Government,Carretera,1117.5,22350,21009,20,11175,3,Medium,1341,9834
2014,Qtr 1,January,1,2014,January,1,United States of America,Midmarket,Velo,555,8325,7908.75,15,5550,120,Medium,416.25,2358.75
2014,Qtr 1,January,1,2014,January,1,United States of America,Channel Partners,VTT,1956,23472,21359.52,12,5868,250,Medium,2112.48,15491.52
2014,Qtr 1,February,1,2014,February,2,United States of America,Government,Amarilla,270,94500,83160,350,70200,260,High,11340,12960
2014,Qtr 1,February,1,2014,February,2,United States of America,Government,Montana,1298,9086,7904.82,7,6490,5,High,1181.18,1414.82
2014,Qtr 1,February,1,2014,February,2,United States of America,Government,Paseo,2641,52820,45953.4,20,26410,10,High,6866.6,19543.4
2014,Qtr 1,February,1,2014,February,2,United States of America,Channel Partners,Carretera,1858,22296,22073.04,12,5574,3,Low,222.96,16499.04
2014,Qtr 1,February,1,2014,February,2,United States of America,Midmarket,Paseo,1514,22710,22482.9,15,15140,10,Low,227.1,7342.9
2014,Qtr 1,February,1,2014,February,2,United States of America,Small Business,VTT,2844,853200,827604,300,711000,250,Low,25596,116604
2014,Qtr 1,February,1,2014,February,2,United States of America,Enterprise,Velo,2755,344375,323712.5,125,330600,120,Medium,20662.5,-6887.5
2014,Qtr 1,March,1,2014,March,3,United States of America,Small Business,Amarilla,2993,897900,808110,300,748250,260,High,89790,59860
2014,Qtr 1,March,1,2014,March,3,United States of America,Midmarket,Montana,677,10155,8936.4,15,6770,5,High,1218.6,2166.4
2014,Qtr 1,March,1,2014,March,3,United States of America,Government,VTT,1579,11053,9837.17,7,7895,250,High,1215.83,1942.17
2014,Qtr 1,March,1,2014,March,3,United States of America,Channel Partners,Velo,1465,17580,16876.8,12,4395,120,Low,703.2,12481.8
2014,Qtr 1,March,1,2014,March,3,United States of America,Government,Carretera,1761,616350,573205.5,350,457860,3,Medium,43144.5,115345.5
2014,Qtr 1,March,1,2014,March,3,United States of America,Enterprise,Paseo,2992,374000,355300,125,359040,10,Medium,18700,-3740
2014,Qtr 1,March,1,2014,March,3,United States of America,Government,Paseo,973,19460,17708.6,20,9730,10,Medium,1751.4,7978.6
2014,Qtr 2,April,1,2014,April,4,United States of America,Enterprise,Carretera,3445.5,430687.5,387618.75,125,413460,3,High,43068.75,-25841.25
2014,Qtr 2,April,1,2014,April,4,United States of America,Government,Velo,606,12120,10423.2,20,6060,120,High,1696.8,4363.2
2014,Qtr 2,April,1,2014,April,4,United States of America,Small Business,Montana,2301,690300,683397,300,575250,5,Low,6903,108147
2014,Qtr 2,April,1,2014,April,4,United States of America,Government,Paseo,4492.5,31447.5,31133.025,7,22462.5,10,Low,314.475,8670.525
2014,Qtr 2,April,1,2014,April,4,United States of America,Midmarket,Paseo,3675,55125,50163.75,15,36750,10,Medium,4961.25,13413.75
2014,Qtr 2,April,1,2014,April,4,United States of America,Government,VTT,1351.5,473025,430452.75,350,351390,250,Medium,42572.25,79062.75
2014,Qtr 2,April,1,2014,April,4,United States of America,Channel Partners,Amarilla,1953,23436,23436,12,5859,260,None,0,17577
2014,Qtr 2,May,1,2014,May,5,United States of America,Enterprise,Amarilla,2844,355500,305730,125,341280,260,High,49770,-35550
2014,Qtr 2,May,1,2014,May,5,United States of America,Government,Carretera,1743,34860,29979.6,20,17430,3,High,4880.4,12549.6
2014,Qtr 2,May,1,2014,May,5,United States of America,Government,Montana,2313,809550,728595,350,601380,5,High,80955,127215
2014,Qtr 2,May,1,2014,May,5,United States of America,Midmarket,Velo,790,11850,10665,15,7900,120,High,1185,2765
2014,Qtr 2,May,1,2014,May,5,United States of America,Channel Partners,VTT,1806,21672,18421.2,12,5418,250,High,3250.8,13003.2
2014,Qtr 2,May,1,2014,May,5,United States of America,Small Business,Paseo,2918,875400,840384,300,729500,10,Low,35016,110884
2014,Qtr 2,May,1,2014,May,5,United States of America,Government,Paseo,2327,16289,15474.55,7,11635,10,Medium,814.45,3839.55
2014,Qtr 2,June,1,2014,June,6,United States of America,Midmarket,Carretera,2567,38505,33499.35,15,25670,3,High,5005.65,7829.35
2014,Qtr 2,June,1,2014,June,6,United States of America,Midmarket,VTT,2567,38505,33499.35,15,25670,250,High,5005.65,7829.35
2014,Qtr 2,June,1,2014,June,6,United States of America,Channel Partners,Montana,1142,13704,13429.92,12,3426,5,Low,274.08,10003.92
2014,Qtr 2,June,1,2014,June,6,United States of America,Channel Partners,Paseo,1142,13704,13429.92,12,3426,10,Low,274.08,10003.92
2014,Qtr 2,June,1,2014,June,6,United States of America,Enterprise,Paseo,727,90875,89966.25,125,87240,10,Low,908.75,2726.25
2014,Qtr 2,June,1,2014,June,6,United States of America,Enterprise,VTT,727,90875,89966.25,125,87240,250,Low,908.75,2726.25
2014,Qtr 2,June,1,4028,June,6,United States of America,Government,Amarilla,4189,45989,42309.88,27,27355,520,Medium,3679.12,14954.88
2014,Qtr 2,June,1,2014,June,6,United States of America,Small Business,Carretera,991,297300,282435,300,247750,3,Medium,14865,34685
2014,Qtr 2,June,1,2014,June,6,United States of America,Government,Montana,1282,25640,23588.8,20,12820,5,Medium,2051.2,10768.8
2014,Qtr 2,June,1,2014,June,6,United States of America,Government,Paseo,602,210700,200165,350,156520,10,Medium,10535,43645
2014,Qtr 2,June,1,2014,June,6,United States of America,Small Business,Paseo,991,297300,282435,300,247750,10,Medium,14865,34685
2014,Qtr 2,June,1,4028,June,6,United States of America,Government,Velo,3509,231049,218886.08,357,171055,240,Medium,12162.92,47831.08
2014,Qtr 3,July,1,2014,July,7,United States of America,Midmarket,Amarilla,3199.5,47992.5,42713.325,15,31995,260,High,5279.175,10718.325
2014,Qtr 3,July,1,2014,July,7,United States of America,Small Business,Velo,2460,738000,634680,300,615000,120,High,103320,19680
2014,Qtr 3,July,1,2014,July,7,United States of America,Government,Carretera,2529,17703,17525.97,7,12645,3,Low,177.03,4880.97
2014,Qtr 3,July,1,2014,July,7,United States of America,Channel Partners,Paseo,1369.5,16434,15940.98,12,4108.5,10,Low,493.02,11832.48
2014,Qtr 3,July,1,2014,July,7,United States of America,Government,Paseo,3450,1207500,1159200,350,897000,10,Low,48300,262200
2014,Qtr 3,July,1,2014,July,7,United States of America,Enterprise,Montana,3627,453375,430706.25,125,435240,5,Medium,22668.75,-4533.75
2014,Qtr 3,July,1,2014,July,7,United States of America,Government,VTT,436.5,8730,8031.6,20,4365,250,Medium,698.4,3666.6
2014,Qtr 3,August,1,2014,August,8,United States of America,Government,VTT,2807,982450,884205,350,729820,250,High,98245,154385
2014,Qtr 3,August,1,2014,August,8,United States of America,Small Business,VTT,2541,762300,655578,300,635250,250,High,106722,20328
2014,Qtr 3,August,1,2014,August,8,United States of America,Government,Paseo,678,4746,4366.32,7,3390,10,Medium,379.68,976.32
2014,Qtr 3,August,1,2014,August,8,United States of America,Midmarket,Paseo,2198,32970,30991.8,15,21980,10,Medium,1978.2,9011.8
2014,Qtr 3,August,1,2014,August,8,United States of America,Government,Velo,2832,56640,53808,20,28320,120,Medium,2832,25488
2014,Qtr 3,August,1,2014,August,8,United States of America,Channel Partners,Amarilla,2141,25692,25692,12,6423,260,None,0,19269
2014,Qtr 3,August,1,2014,August,8,United States of America,Enterprise,Velo,2821,352625,352625,125,338520,120,None,0,14105
2014,Qtr 3,September,1,2014,September,9,United States of America,Government,Montana,2328,16296,14666.4,7,11640,5,High,1629.6,3026.4
2014,Qtr 3,September,1,2014,September,9,United States of America,Midmarket,Paseo,1767,26505,22794.3,15,17670,10,High,3710.7,5124.3
2014,Qtr 3,September,1,2014,September,9,United States of America,Enterprise,Velo,1596,199500,179550,125,191520,120,High,19950,-11970
2014,Qtr 3,September,1,2014,September,9,United States of America,Channel Partners,Carretera,1947,23364,22663.08,12,5841,3,Low,700.92,16822.08
2014,Qtr 3,September,1,2014,September,9,United States of America,Government,Paseo,1056,21120,20275.2,20,10560,10,Low,844.8,9715.2
2014,Qtr 3,September,1,2014,September,9,United States of America,Government,Amarilla,2071,724850,659613.5,350,538460,260,Medium,65236.5,121153.5
2014,Qtr 3,September,1,2014,September,9,United States of America,Small Business,VTT,1867,560100,509691,300,466750,250,Medium,50409,42941
2014,Qtr 4,October,1,2014,October,10,United States of America,Channel Partners,Amarilla,2914,34968,30072.48,12,8742,260,High,4895.52,21330.48
2014,Qtr 4,October,1,2014,October,10,United States of America,Small Business,Carretera,1010,303000,260580,300,252500,3,High,42420,8080
2014,Qtr 4,October,1,2014,October,10,United States of America,Channel Partners,Paseo,2914,34968,30072.48,12,8742,10,High,4895.52,21330.48
2014,Qtr 4,October,1,2014,October,10,United States of America,Government,Velo,986,345100,303688,350,256360,120,High,41412,47328
2014,Qtr 4,October,1,2014,October,10,United States of America,Government,VTT,986,345100,303688,350,256360,250,High,41412,47328
2014,Qtr 4,October,1,2014,October,10,United States of America,Small Business,VTT,1010,303000,260580,300,252500,250,High,42420,8080
2014,Qtr 4,October,1,2014,October,10,United States of America,Government,Montana,1566,31320,30693.6,20,15660,5,Low,626.4,15033.6
2014,Qtr 4,October,1,2014,October,10,United States of America,Government,Velo,1566,31320,30693.6,20,15660,120,Low,626.4,15033.6
2014,Qtr 4,October,1,2014,October,10,United States of America,Enterprise,Paseo,861,107625,102243.75,125,103320,10,Medium,5381.25,-1076.25
2014,Qtr 4,October,1,2014,October,10,United States of America,Midmarket,Paseo,1153,17295,16257.3,15,11530,10,Medium,1037.7,4727.3
2014,Qtr 4,October,1,2014,October,10,United States of America,Enterprise,Velo,861,107625,102243.75,125,103320,120,Medium,5381.25,-1076.25
2014,Qtr 4,October,1,2014,October,10,United States of America,Midmarket,VTT,1153,17295,16257.3,15,11530,250,Medium,1037.7,4727.3
2014,Qtr 4,October,1,2014,October,10,United States of America,Government,Amarilla,1143,8001,8001,7,5715,260,None,0,2286
2014,Qtr 4,October,1,2014,October,10,United States of America,Government,Paseo,1143,8001,8001,7,5715,10,None,0,2286
2014,Qtr 4,November,1,2014,November,11,United States of America,Government,Paseo,1177,411950,354277,350,306020,10,High,57673,48257
2014,Qtr 4,November,1,2014,November,11,United States of America,Enterprise,VTT,2387,298375,262570,125,286440,250,High,35805,-23870
2014,Qtr 4,November,1,2014,November,11,United States of America,Government,Amarilla,1236,24720,24225.6,20,12360,260,Low,494.4,11865.6
2014,Qtr 4,November,1,2014,November,11,United States of America,Small Business,Paseo,2905,871500,862785,300,726250,10,Low,8715,136535
2014,Qtr 4,November,1,2014,November,11,United States of America,Midmarket,Carretera,2030,30450,28623,15,20300,3,Medium,1827,8323
2014,Qtr 4,November,1,2014,November,11,United States of America,Channel Partners,Montana,2723,32676,30715.44,12,8169,5,Medium,1960.56,22546.44
2014,Qtr 4,November,1,2014,November,11,United States of America,Government,Velo,547,3829,3560.97,7,2735,120,Medium,268.03,825.97
2014,Qtr 4,December,1,2014,December,12,United States of America,Channel Partners,Paseo,914,10968,9322.8,12,2742,10,High,1645.2,6580.8
2014,Qtr 4,December,1,2014,December,12,United States of America,Channel Partners,Velo,914,10968,9322.8,12,2742,120,High,1645.2,6580.8
2014,Qtr 4,December,1,2014,December,12,United States of America,Government,Carretera,274,95900,92064,350,71240,3,Low,3836,20824
2014,Qtr 4,December,1,2014,December,12,United States of America,Government,Paseo,274,95900,92064,350,71240,10,Low,3836,20824
2014,Qtr 4,December,1,2014,December,12,United States of America,Small Business,Amarilla,1372,411600,382788,300,343000,260,Medium,28812,39788
2014,Qtr 4,December,1,2014,December,12,United States of America,Government,Carretera,570,3990,3790.5,7,2850,3,Medium,199.5,940.5
2014,Qtr 4,December,1,2014,December,12,United States of America,Enterprise,Montana,2797,349625,318158.75,125,335640,5,Medium,31466.25,-17481.25
2014,Qtr 4,December,1,2014,December,12,United States of America,Enterprise,Paseo,2797,349625,318158.75,125,335640,10,Medium,31466.25,-17481.25
2014,Qtr 4,December,1,2014,December,12,United States of America,Government,Paseo,2663,53260,50597,20,26630,10,Medium,2663,23967
2014,Qtr 4,December,1,2014,December,12,United States of America,Small Business,Velo,1372,411600,382788,300,343000,120,Medium,28812,39788
2014,Qtr 4,December,1,4028,December,12,United States of America,Government,VTT,3233,57250,54387.5,27,29480,500,Medium,2862.5,24907.5
2014,Qtr 4,December,1,2014,December,12,United States of America,Midmarket,Amarilla,615,9225,9225,15,6150,260,None,0,3075
2014,Qtr 4,December,1,2014,December,12,United States of America,Midmarket,Montana,615,9225,9225,15,6150,5,None,0,3075
